{"round": 0, "distributed_loss": 0.0, "centralized_loss": 0.0, "distributed_accuracy": 0.0, "centralized_accuracy": 0.0}
{"round": 1, "distributed_loss": 0.6557959733753029, "centralized_loss": 0.0, "distributed_accuracy": 0.0, "centralized_accuracy": 0.0}
{"round": 2, "distributed_loss": 0.6661304552620704, "centralized_loss": 0.0, "distributed_accuracy": 0.5922995780590717, "centralized_accuracy": 0.0}
{"round": 3, "distributed_loss": 0.6675128362594395, "centralized_loss": 0.0, "distributed_accuracy": 0.5353375527426161, "centralized_accuracy": 0.0}
{"round": 4, "distributed_loss": 0.6765877511523185, "centralized_loss": 0.0, "distributed_accuracy": 0.5373417721518987, "centralized_accuracy": 0.0}
{"round": 5, "distributed_loss": 0.6765974120262566, "centralized_loss": 0.0, "distributed_accuracy": 0.5436708860759494, "centralized_accuracy": 0.0}
{"round": 6, "distributed_loss": 0.6830326439043798, "centralized_loss": 0.0, "distributed_accuracy": 0.5186708860759494, "centralized_accuracy": 0.0}
{"round": 7, "distributed_loss": 0.6757587681122876, "centralized_loss": 0.0, "distributed_accuracy": 0.5020042194092827, "centralized_accuracy": 0.0}
{"round": 8, "distributed_loss": 0.6783256290155814, "centralized_loss": 0.0, "distributed_accuracy": 0.510337552742616, "centralized_accuracy": 0.0}
{"round": 9, "distributed_loss": 0.6801441711023313, "centralized_loss": 0.0, "distributed_accuracy": 0.5166666666666666, "centralized_accuracy": 0.0}
{"round": 10, "distributed_loss": 0.673985251046102, "centralized_loss": 0.0, "distributed_accuracy": 0.509493670886076, "centralized_accuracy": 0.0}
{"round": 11, "distributed_loss": 0.67591691399933, "centralized_loss": 0.0, "distributed_accuracy": 0.5189873417721519, "centralized_accuracy": 0.0}
{"round": 12, "distributed_loss": 0.6822410171185065, "centralized_loss": 0.0, "distributed_accuracy": 0.5891350210970464, "centralized_accuracy": 0.0}
{"round": 13, "distributed_loss": 0.68293881142905, "centralized_loss": 0.0, "distributed_accuracy": 0.5189873417721519, "centralized_accuracy": 0.0}
{"round": 14, "distributed_loss": 0.689229056375836, "centralized_loss": 0.0, "distributed_accuracy": 0.5126582278481013, "centralized_accuracy": 0.0}
{"round": 15, "distributed_loss": 0.6928572873456762, "centralized_loss": 0.0, "distributed_accuracy": 0.5158227848101266, "centralized_accuracy": 0.0}
{"round": 16, "distributed_loss": 0.6898260236880102, "centralized_loss": 0.0, "distributed_accuracy": 0.5043248945147679, "centralized_accuracy": 0.0}
{"round": 17, "distributed_loss": 0.7018619021144482, "centralized_loss": 0.0, "distributed_accuracy": 0.52415611814346, "centralized_accuracy": 0.0}
{"round": 18, "distributed_loss": 0.6956047793047144, "centralized_loss": 0.0, "distributed_accuracy": 0.5063291139240507, "centralized_accuracy": 0.0}
{"round": 19, "distributed_loss": 0.6999766006382233, "centralized_loss": 0.0, "distributed_accuracy": 0.5043248945147679, "centralized_accuracy": 0.0}
{"round": 20, "distributed_loss": 0.6956260997221011, "centralized_loss": 0.0, "distributed_accuracy": 0.5126582278481013, "centralized_accuracy": 0.0}
{"round": 21, "distributed_loss": 0.6961019230545114, "centralized_loss": 0.0, "distributed_accuracy": 0.509493670886076, "centralized_accuracy": 0.0}
{"round": 22, "distributed_loss": 0.7004419012900887, "centralized_loss": 0.0, "distributed_accuracy": 0.509493670886076, "centralized_accuracy": 0.0}
{"round": 23, "distributed_loss": 0.7112942053637373, "centralized_loss": 0.0, "distributed_accuracy": 0.5063291139240507, "centralized_accuracy": 0.0}
{"round": 24, "distributed_loss": 0.7096266363738873, "centralized_loss": 0.0, "distributed_accuracy": 0.5043248945147679, "centralized_accuracy": 0.0}
{"round": 25, "distributed_loss": 0.7083725803488985, "centralized_loss": 0.0, "distributed_accuracy": 0.514662447257384, "centralized_accuracy": 0.0}
{"round": 26, "distributed_loss": 0.7089964643530889, "centralized_loss": 0.0, "distributed_accuracy": 0.509493670886076, "centralized_accuracy": 0.0}
{"round": 27, "distributed_loss": 0.7136968735161178, "centralized_loss": 0.0, "distributed_accuracy": 0.5011603375527426, "centralized_accuracy": 0.0}
{"round": 28, "distributed_loss": 0.7049353724225945, "centralized_loss": 0.0, "distributed_accuracy": 0.5011603375527426, "centralized_accuracy": 0.0}
{"round": 29, "distributed_loss": 0.7030424180380795, "centralized_loss": 0.0, "distributed_accuracy": 0.5043248945147679, "centralized_accuracy": 0.0}
{"round": 30, "distributed_loss": 0.7067163832690737, "centralized_loss": 0.0, "distributed_accuracy": 0.5126582278481013, "centralized_accuracy": 0.0}
{"round": 31, "distributed_loss": 0.7150205904190693, "centralized_loss": 0.0, "distributed_accuracy": 0.5126582278481013, "centralized_accuracy": 0.0}
{"round": 32, "distributed_loss": 0.7163724079044587, "centralized_loss": 0.0, "distributed_accuracy": 0.5043248945147679, "centralized_accuracy": 0.0}
{"round": 33, "distributed_loss": 0.7117282961486676, "centralized_loss": 0.0, "distributed_accuracy": 0.4876582278481013, "centralized_accuracy": 0.0}
{"round": 34, "distributed_loss": 0.7163199744093309, "centralized_loss": 0.0, "distributed_accuracy": 0.5043248945147679, "centralized_accuracy": 0.0}
{"round": 35, "distributed_loss": 0.7071963231497949, "centralized_loss": 0.0, "distributed_accuracy": 0.5011603375527426, "centralized_accuracy": 0.0}
{"round": 36, "distributed_loss": 0.7046062060452383, "centralized_loss": 0.0, "distributed_accuracy": 0.5043248945147679, "centralized_accuracy": 0.0}
{"round": 37, "distributed_loss": 0.7196511916064341, "centralized_loss": 0.0, "distributed_accuracy": 0.5074894514767933, "centralized_accuracy": 0.0}
{"round": 38, "distributed_loss": 0.7174408113190888, "centralized_loss": 0.0, "distributed_accuracy": 0.5126582278481013, "centralized_accuracy": 0.0}
{"round": 39, "distributed_loss": 0.712449684602405, "centralized_loss": 0.0, "distributed_accuracy": 0.5126582278481013, "centralized_accuracy": 0.0}
{"round": 40, "distributed_loss": 0.7162290160809088, "centralized_loss": 0.0, "distributed_accuracy": 0.509493670886076, "centralized_accuracy": 0.0}
{"round": 41, "distributed_loss": 0.7125957646501173, "centralized_loss": 0.0, "distributed_accuracy": 0.5178270042194093, "centralized_accuracy": 0.0}
{"round": 42, "distributed_loss": 0.7195334478255806, "centralized_loss": 0.0, "distributed_accuracy": 0.5273206751054853, "centralized_accuracy": 0.0}
{"round": 43, "distributed_loss": 0.7233493459334067, "centralized_loss": 0.0, "distributed_accuracy": 0.5126582278481013, "centralized_accuracy": 0.0}
{"round": 44, "distributed_loss": 0.7181636554385544, "centralized_loss": 0.0, "distributed_accuracy": 0.5126582278481013, "centralized_accuracy": 0.0}
{"round": 45, "distributed_loss": 0.7232971393733943, "centralized_loss": 0.0, "distributed_accuracy": 0.509493670886076, "centralized_accuracy": 0.0}
{"round": 46, "distributed_loss": 0.711781229447881, "centralized_loss": 0.0, "distributed_accuracy": 0.5126582278481013, "centralized_accuracy": 0.0}
{"round": 47, "distributed_loss": 0.7227069221505331, "centralized_loss": 0.0, "distributed_accuracy": 0.5178270042194093, "centralized_accuracy": 0.0}
{"round": 48, "distributed_loss": 0.7272923145819148, "centralized_loss": 0.0, "distributed_accuracy": 0.5126582278481013, "centralized_accuracy": 0.0}
{"round": 49, "distributed_loss": 0.7051007665625406, "centralized_loss": 0.0, "distributed_accuracy": 0.5126582278481013, "centralized_accuracy": 0.0}
{"round": 50, "distributed_loss": 0.7114634409956976, "centralized_loss": 0.0, "distributed_accuracy": 0.5126582278481013, "centralized_accuracy": 0.0}
{"round": 51, "distributed_loss": 0.718858046269198, "centralized_loss": 0.0, "distributed_accuracy": 0.509493670886076, "centralized_accuracy": 0.0}
{"round": 52, "distributed_loss": 0.7127603079200885, "centralized_loss": 0.0, "distributed_accuracy": 0.5126582278481013, "centralized_accuracy": 0.0}
{"round": 53,