{"round": 0, "distributed_loss": 0.0, "centralized_loss": 0.0, "distributed_accuracy": 0.0, "centralized_accuracy": 0.0}
{"round": 1, "distributed_loss": 0.6936165151554484, "centralized_loss": 0.0, "distributed_accuracy": 0.0, "centralized_accuracy": 0.0}
{"round": 2, "distributed_loss": 0.6943406723810985, "centralized_loss": 0.0, "distributed_accuracy": 0.5010243006092916, "centralized_accuracy": 0.0}
{"round": 3, "distributed_loss": 0.6923706415681744, "centralized_loss": 0.0, "distributed_accuracy": 0.4989756993907084, "centralized_accuracy": 0.0}
{"round": 4, "distributed_loss": 0.6922159044697039, "centralized_loss": 0.0, "distributed_accuracy": 0.5365888823660482, "centralized_accuracy": 0.0}
{"round": 5, "distributed_loss": 0.6920130680565818, "centralized_loss": 0.0, "distributed_accuracy": 0.5300658500315373, "centralized_accuracy": 0.0}
{"round": 6, "distributed_loss": 0.6920823339013958, "centralized_loss": 0.0, "distributed_accuracy": 0.514622583914123, "centralized_accuracy": 0.0}
{"round": 7, "distributed_loss": 0.6929849319877814, "centralized_loss": 0.0, "distributed_accuracy": 0.5084144645180844, "centralized_accuracy": 0.0}
{"round": 8, "distributed_loss": 0.692131526718702, "centralized_loss": 0.0, "distributed_accuracy": 0.5061934027636456, "centralized_accuracy": 0.0}
{"round": 9, "distributed_loss": 0.6922784511284574, "centralized_loss": 0.0, "distributed_accuracy": 0.5106341465882362, "centralized_accuracy": 0.0}
{"round": 10, "distributed_loss": 0.6926537262541907, "centralized_loss": 0.0, "distributed_accuracy": 0.5307597162541295, "centralized_accuracy": 0.0}
{"round": 11, "distributed_loss": 0.6920701009886605, "centralized_loss": 0.0, "distributed_accuracy": 0.5077309459276433, "centralized_accuracy": 0.0}
{"round": 12, "distributed_loss": 0.6920679435876517, "centralized_loss": 0.0, "distributed_accuracy": 0.53103795258531, "centralized_accuracy": 0.0}
{"round": 13, "distributed_loss": 0.692416284146697, "centralized_loss": 0.0, "distributed_accuracy": 0.5297883035425004, "centralized_accuracy": 0.0}
{"round": 14, "distributed_loss": 0.6928441820548619, "centralized_loss": 0.0, "distributed_accuracy": 0.5093851873875701, "centralized_accuracy": 0.0}
{"round": 15, "distributed_loss": 0.6934597630338415, "centralized_loss": 0.0, "distributed_accuracy": 0.5104960631858612, "centralized_accuracy": 0.0}
{"round": 16, "distributed_loss": 0.692931770387282, "centralized_loss": 0.0, "distributed_accuracy": 0.5096620440344636, "centralized_accuracy": 0.0}
{"round": 17, "distributed_loss": 0.6927211552957364, "centralized_loss": 0.0, "distributed_accuracy": 0.5096620440344636, "centralized_accuracy": 0.0}
{"round": 18, "distributed_loss": 0.6932036974204339, "centralized_loss": 0.0, "distributed_accuracy": 0.5113259432843982, "centralized_accuracy": 0.0}
{"round": 19, "distributed_loss": 0.6929778269309538, "centralized_loss": 0.0, "distributed_accuracy": 0.5116014202470048, "centralized_accuracy": 0.0}
{"round": 20, "distributed_loss": 0.6929543400276142, "centralized_loss": 0.0, "distributed_accuracy": 0.5103524610463388, "centralized_accuracy": 0.0}
