{"round": 0, "distributed_loss": 0.0, "centralized_loss": 0.0, "distributed_accuracy": 0.0, "centralized_accuracy": 0.0}
{"round": 1, "distributed_loss": 0.5233469569321835, "centralized_loss": 0.0, "distributed_accuracy": 0.0, "centralized_accuracy": 0.0}
{"round": 2, "distributed_loss": 0.5267704436273286, "centralized_loss": 0.0, "distributed_accuracy": 0.7992753623188407, "centralized_accuracy": 0.0}
{"round": 3, "distributed_loss": 0.5386245485508081, "centralized_loss": 0.0, "distributed_accuracy": 0.811231884057971, "centralized_accuracy": 0.0}
{"round": 4, "distributed_loss": 0.5367181969411445, "centralized_loss": 0.0, "distributed_accuracy": 0.755072463768116, "centralized_accuracy": 0.0}
{"round": 5, "distributed_loss": 0.5446232503110712, "centralized_loss": 0.0, "distributed_accuracy": 0.7992753623188407, "centralized_accuracy": 0.0}
{"round": 6, "distributed_loss": 0.5406132448803295, "centralized_loss": 0.0, "distributed_accuracy": 0.7956521739130435, "centralized_accuracy": 0.0}
{"round": 7, "distributed_loss": 0.5452929771307743, "centralized_loss": 0.0, "distributed_accuracy": 0.7431159420289855, "centralized_accuracy": 0.0}
{"round": 8, "distributed_loss": 0.5416283878413114, "centralized_loss": 0.0, "distributed_accuracy": 0.7514492753623189, "centralized_accuracy": 0.0}
{"round": 9, "distributed_loss": 0.5404056057785497, "centralized_loss": 0.0, "distributed_accuracy": 0.758695652173913, "centralized_accuracy": 0.0}
{"round": 10, "distributed_loss": 0.5452704465750492, "centralized_loss": 0.0, "distributed_accuracy": 0.755072463768116, "centralized_accuracy": 0.0}
{"round": 11, "distributed_loss": 0.545935798775066, "centralized_loss": 0.0, "distributed_accuracy": 0.7503623188405797, "centralized_accuracy": 0.0}
{"round": 12, "distributed_loss": 0.5398166071284901, "centralized_loss": 0.0, "distributed_accuracy": 0.755072463768116, "centralized_accuracy": 0.0}
{"round": 13, "distributed_loss": 0.552134734211546, "centralized_loss": 0.0, "distributed_accuracy": 0.7514492753623189, "centralized_accuracy": 0.0}
{"round": 14, "distributed_loss": 0.549243921583349, "centralized_loss": 0.0, "distributed_accuracy": 0.755072463768116, "centralized_accuracy": 0.0}
{"round": 15, "distributed_loss": 0.5435271949479075, "centralized_loss": 0.0, "distributed_accuracy": 0.7467391304347826, "centralized_accuracy": 0.0}
{"round": 16, "distributed_loss": 0.5491378993699045, "centralized_loss": 0.0, "distributed_accuracy": 0.7514492753623189, "centralized_accuracy": 0.0}
{"round": 17, "distributed_loss": 0.5413491509177468, "centralized_loss": 0.0, "distributed_accuracy": 0.755072463768116, "centralized_accuracy": 0.0}
{"round": 18, "distributed_loss": 0.5384166746428518, "centralized_loss": 0.0, "distributed_accuracy": 0.7503623188405797, "centralized_accuracy": 0.0}
{"round": 19, "distributed_loss": 0.5550693887652773, "centralized_loss": 0.0, "distributed_accuracy": 0.7514492753623189, "centralized_accuracy": 0.0}
{"round": 20, "distributed_loss": 0.5466388156919768, "centralized_loss": 0.0, "distributed_accuracy": 0.7431159420289855, "centralized_accuracy": 0.0}
{"round": 21, "distributed_loss": 0.5441519780592485, "centralized_loss": 0.0, "distributed_accuracy": 0.755072463768116, "centralized_accuracy": 0.0}
{"round": 22, "distributed_loss": 0.5434948151761835, "centralized_loss": 0.0, "distributed_accuracy": 0.7322463768115942, "centralized_accuracy": 0.0}
{"round": 23, "distributed_loss": 0.5507499033754523, "centralized_loss": 0.0, "distributed_accuracy": 0.7884057971014493, "centralized_accuracy": 0.0}
{"round": 24, "distributed_loss": 0.5497924035245721, "centralized_loss": 0.0, "distributed_accuracy": 0.7514492753623189, "centralized_accuracy": 0.0}
{"round": 25, "distributed_loss": 0.5480375759529345, "centralized_loss": 0.0, "distributed_accuracy": 0.755072463768116, "centralized_accuracy": 0.0}
{"round": 26, "distributed_loss": 0.5503011056871125, "centralized_loss": 0.0, "distributed_accuracy": 0.7394927536231883, "centralized_accuracy": 0.0}
{"round": 27, "distributed_loss": 0.5512743989626566, "centralized_loss": 0.0, "distributed_accuracy": 0.7394927536231883, "centralized_accuracy": 0.0}
{"round": 28, "distributed_loss": 0.5461745822068417, "centralized_loss": 0.0, "distributed_accuracy": 0.7467391304347826, "centralized_accuracy": 0.0}
{"round": 29, "distributed_loss": 0.5524276169863614, "centralized_loss": 0.0, "distributed_accuracy": 0.7322463768115942, "centralized_accuracy": 0.0}
{"round": 30, "distributed_loss": 0.5588723728151033, "centralized_loss": 0.0, "distributed_accuracy": 0.7431159420289855, "centralized_accuracy": 0.0}
{"round": 31, "distributed_loss": 0.5565435218088555, "centralized_loss": 0.0, "distributed_accuracy": 0.7467391304347826, "centralized_accuracy": 0.0}
{"round": 32, "distributed_loss": 0.5519850290182865, "centralized_loss": 0.0, "distributed_accuracy": 0.7431159420289855, "centralized_accuracy": 0.0}
{"round": 33, "distributed_loss": 0.5544570431564794, "centralized_loss": 0.0, "distributed_accuracy": 0.7514492753623189, "centralized_accuracy": 0.0}
{"round": 34, "distributed_loss": 0.560833651008028, "centralized_loss": 0.0, "distributed_accuracy": 0.7358695652173912, "centralized_accuracy": 0.0}
{"round": 35, "distributed_loss": 0.5518422993746671, "centralized_loss": 0.0, "distributed_accuracy": 0.7467391304347826, "centralized_accuracy": 0.0}
{"round": 36, "distributed_loss": 0.5495641376032974, "centralized_loss": 0.0, "distributed_accuracy": 0.7431159420289855, "centralized_accuracy": 0.0}
{"round": 37, "distributed_loss": 0.5478995189522252, "centralized_loss": 0.0, "distributed_accuracy": 0.7514492753623189, "centralized_accuracy": 0.0}
{"round": 38, "distributed_loss": 0.5580651886535414, "centralized_loss": 0.0, "distributed_accuracy": 0.7322463768115942, "centralized_accuracy": 0.0}
{"round": 39, "distributed_loss": 0.5523314259269021, "centralized_loss": 0.0, "distributed_accuracy": 0.7431159420289855, "centralized_accuracy": 0.0}
{"round": 40, "distributed_loss": 0.5479739181923143, "centralized_loss": 0.0, "distributed_accuracy": 0.7431159420289855, "centralized_accuracy": 0.0}
{"round": 41, "distributed_loss": 0.5507066177599358, "centralized_loss": 0.0, "distributed_accuracy": 0.7431159420289855, "centralized_accuracy": 0.0}
{"round": 42, "distributed_loss": 0.5478707046219797, "centralized_loss": 0.0, "distributed_accuracy": 0.7431159420289855, "centralized_accuracy": 0.0}
{"round": 43, "distributed_loss": 0.5563724600907528, "centralized_loss": 0.0, "distributed_accuracy": 0.7467391304347826, "centralized_accuracy": 0.0}
{"round": 44, "distributed_loss": 0.5534225648099725, "centralized_loss": 0.0, "distributed_accuracy": 0.7394927536231883, "centralized_accuracy": 0.0}
{"round": 45, "distributed_loss": 0.5520431074229154, "centralized_loss": 0.0, "distributed_accuracy": 0.7431159420289855, "centralized_accuracy": 0.0}
{"round": 46, "distributed_loss": 0.5554606878396237, "centralized_loss": 0.0, "distributed_accuracy": 0.7431159420289855, "centralized_accuracy": 0.0}
{"round": 47, "distributed_loss": 0.5571615876573505, "centralized_loss": 0.0, "distributed_accuracy": 0.7431159420289855, "centralized_accuracy": 0.0}
{"round": 48, "distributed_loss": 0.5392813122633732, "centralized_loss": 0.0, "distributed_accuracy": 0.7431159420289855, "centralized_accuracy": 0.0}
{"round": 49, "distributed_loss": 0.5506810600107367, "centralized_loss": 0.0, "distributed_accuracy": 0.7431159420289855, "centralized_accuracy": 0.0}
{"round": 50, "distributed_loss": 0.5545414884885153, "centralized_loss": 0.0, "distributed_accuracy": 0.7431159420289855, "centralized_accuracy": 0.0}
{"round": 51, "distributed_loss": 0.5466054099978823, "centralized_loss": 0.0, "distributed_accuracy": 0.7467391304347826, "centralized_accuracy": 0.0}
{"round": 52, "distributed_loss": 0.5646405346465834, "centralized_loss": 0.0, "distributed_accuracy": 0.7431159420289855,