{"round": 1, "distributed_loss": 0.9998276449919925, "centralized_loss": 0.0}
{"round": 2, "distributed_loss": 0.9961486423027882, "centralized_loss": 0.0}
{"round": 3, "distributed_loss": 0.9952490084544438, "centralized_loss": 0.0}
{"round": 4, "distributed_loss": 0.994818427974133, "centralized_loss": 0.0}
{"round": 5, "distributed_loss": 0.9945545129045759, "centralized_loss": 0.0}
{"round": 6, "distributed_loss": 0.994372355309917, "centralized_loss": 0.0}
{"round": 7, "distributed_loss": 0.9942379132923319, "centralized_loss": 0.0}
{"round": 8, "distributed_loss": 0.9941353117470622, "centralized_loss": 0.0}
{"round": 9, "distributed_loss": 0.9940555314530994, "centralized_loss": 0.0}
{"round": 10, "distributed_loss": 0.9939930447146892, "centralized_loss": 0.0}
{"round": 11, "distributed_loss": 0.9939441349187915, "centralized_loss": 0.0}
{"round": 12, "distributed_loss": 0.9939051056379367, "centralized_loss": 0.0}
{"round": 13, "distributed_loss": 0.9938744134432596, "centralized_loss": 0.0}
{"round": 14, "distributed_loss": 0.9938502507463824, "centralized_loss": 0.0}
{"round": 15, "distributed_loss": 0.9938309587759461, "centralized_loss": 0.0}
{"round": 16, "distributed_loss": 0.9938155811918913, "centralized_loss": 0.0}
{"round": 17, "distributed_loss": 0.9938035300265978, "centralized_loss": 0.0}
{"round": 18, "distributed_loss": 0.9937940760888185, "centralized_loss": 0.0}
{"round": 19, "distributed_loss": 0.993786214364649, "centralized_loss": 0.0}
{"round": 20, "distributed_loss": 0.9937801341050057, "centralized_loss": 0.0}
