{"round": 1, "loss": 1.2846406698226929, "accuracy": 0.3295269310474396}
{"round": 2, "loss": 1.2844178676605225, "accuracy": 0.3295269310474396}
{"round": 3, "loss": 1.2841957807540894, "accuracy": 0.3295269310474396}
{"round": 4, "loss": 1.2839744091033936, "accuracy": 0.3295269310474396}
{"round": 5, "loss": 1.2837532758712769, "accuracy": 0.3295269310474396}
{"round": 6, "loss": 1.283532977104187, "accuracy": 0.3295269310474396}
{"round": 7, "loss": 1.2833131551742554, "accuracy": 0.3295269310474396}
{"round": 8, "loss": 1.2830939292907715, "accuracy": 0.3295269310474396}
{"round": 9, "loss": 1.2828750610351562, "accuracy": 0.3295269310474396}
{"round": 10, "loss": 1.2826566696166992, "accuracy": 0.3295269310474396}
{"round": 11, "loss": 1.2824392318725586, "accuracy": 0.3295269310474396}
{"round": 12, "loss": 1.2822221517562866, "accuracy": 0.3295269310474396}
{"round": 13, "loss": 1.2820055484771729, "accuracy": 0.3295269310474396}
{"round": 14, "loss": 1.2817896604537964, "accuracy": 0.3295269310474396}
{"round": 15, "loss": 1.2815743684768677, "accuracy": 0.3295269310474396}
{"round": 16, "loss": 1.2813595533370972, "accuracy": 0.3295269310474396}
{"round": 17, "loss": 1.2811449766159058, "accuracy": 0.3295269310474396}
{"round": 18, "loss": 1.2809311151504517, "accuracy": 0.3295269310474396}
{"round": 19, "loss": 1.2807178497314453, "accuracy": 0.3295269310474396}
{"round": 20, "loss": 1.2805051803588867, "accuracy": 0.3295269310474396}
{"round": 21, "loss": 1.2802929878234863, "accuracy": 0.3295269310474396}
{"round": 22, "loss": 1.2800813913345337, "accuracy": 0.3295269310474396}
{"round": 23, "loss": 1.2798701524734497, "accuracy": 0.3295269310474396}
{"round": 24, "loss": 1.2796597480773926, "accuracy": 0.3295269310474396}
{"round": 25, "loss": 1.2794493436813354, "accuracy": 0.3295269310474396}
{"round": 26, "loss": 1.2792401313781738, "accuracy": 0.3295269310474396}
{"round": 27, "loss": 1.2790310382843018, "accuracy": 0.3295269310474396}
{"round": 28, "loss": 1.2788223028182983, "accuracy": 0.3295269310474396}
{"round": 29, "loss": 1.2786144018173218, "accuracy": 0.3295269310474396}
{"round": 30, "loss": 1.2784069776535034, "accuracy": 0.3295269310474396}
{"round": 31, "loss": 1.2782000303268433, "accuracy": 0.3295269310474396}
{"round": 32, "loss": 1.2779935598373413, "accuracy": 0.3295269310474396}
{"round": 33, "loss": 1.2777878046035767, "accuracy": 0.3295269310474396}
{"round": 34, "loss": 1.2775822877883911, "accuracy": 0.3295269310474396}
{"round": 35, "loss": 1.2773776054382324, "accuracy": 0.3295269310474396}
{"round": 36, "loss": 1.2771731615066528, "accuracy": 0.3295269310474396}
{"round": 37, "loss": 1.276969313621521, "accuracy": 0.3295269310474396}
{"round": 38, "loss": 1.2767658233642578, "accuracy": 0.3295269310474396}
{"round": 39, "loss": 1.2765631675720215, "accuracy": 0.3295269310474396}
{"round": 40, "loss": 1.2763607501983643, "accuracy": 0.3295269310474396}
{"round": 41, "loss": 1.2761588096618652, "accuracy": 0.3295269310474396}
{"round": 42, "loss": 1.2759575843811035, "accuracy": 0.3295269310474396}
{"round": 43, "loss": 1.275756597518921, "accuracy": 0.3295269310474396}
{"round": 44, "loss": 1.2755564451217651, "accuracy": 0.3295269310474396}
{"round": 45, "loss": 1.2753567695617676, "accuracy": 0.3295269310474396}
{"round": 46, "loss": 1.2751573324203491, "accuracy": 0.3295269310474396}
{"round": 47, "loss": 1.2749582529067993, "accuracy": 0.3295269310474396}
{"round": 48, "loss": 1.274760127067566, "accuracy": 0.3295269310474396}
{"round": 49, "loss": 1.274562120437622, "accuracy": 0.3295269310474396}
{"round": 50, "loss": 1.2743648290634155, "accuracy": 0.3295269310474396}
{"round": 51, "loss": 1.274167776107788, "accuracy": 0.3295269310474396}
{"round": 52, "loss": 1.2739711999893188, "accuracy": 0.3295269310474396}
{"round": 53, "loss": 1.273775339126587, "accuracy": 0.3295269310474396}
{"round": 54, "loss": 1.2735798358917236, "accuracy": 0.3295269310474396}
{"round": 55, "loss": 1.273384928703308, "accuracy": 0.3295269310474396}
{"round": 56, "loss": 1.2731903791427612, "accuracy": 0.3295269310474396}
{"round": 57, "loss": 1.2729965448379517, "accuracy": 0.3295269310474396}
{"round": 58, "loss": 1.2728029489517212, "accuracy": 0.3295269310474396}
{"round": 59, "loss": 1.2726097106933594, "accuracy": 0.3295269310474396}
{"round": 60, "loss": 1.2724173069000244, "accuracy": 0.3295269310474396}
{"round": 61, "loss": 1.2722253799438477, "accuracy": 0.3295269310474396}
{"round": 62, "loss": 1.27203369140625, "accuracy": 0.3295269310474396}
{"round": 63, "loss": 1.271842360496521, "accuracy": 0.3295269310474396}
{"round": 64, "loss": 1.2716517448425293, "accuracy": 0.3295269310474396}
{"round": 65, "loss": 1.2714613676071167, "accuracy": 0.3295269310474396}
{"round": 66, "loss": 1.2712717056274414, "accuracy": 0.3295269310474396}
{"round": 67, "loss": 1.2710822820663452, "accuracy": 0.3295269310474396}
{"round": 68, "loss": 1.2708932161331177, "accuracy": 0.3295269310474396}
{"round": 69, "loss": 1.2707048654556274, "accuracy": 0.3295269310474396}
{"round": 70, "loss": 1.2705169916152954, "accuracy": 0.3295269310474396}
{"round": 71, "loss": 1.2703295946121216, "accuracy": 0.3295269310474396}
{"round": 72, "loss": 1.2701425552368164, "accuracy": 0.3295269310474396}
{"round": 73, "loss": 1.2699558734893799, "accuracy": 0.3295269310474396}
{"round": 74, "loss": 1.2697699069976807, "accuracy": 0.3295269310474396}
{"round": 75, "loss": 1.2695841789245605, "accuracy": 0.3295269310474396}
{"round": 76, "loss": 1.2693989276885986, "accuracy": 0.3295269310474396}
{"round": 77, "loss": 1.269214153289795, "accuracy": 0.3295269310474396}
{"round": 78, "loss": 1.2690298557281494, "accuracy": 0.3295269310474396}
{"round": 79, "loss": 1.268846035003662, "accuracy": 0.3295269310474396}
{"round": 80, "loss": 1.268662452697754, "accuracy": 0.3295269310474396}
{"round": 81, "loss": 1.2684797048568726, "accuracy": 0.3295269310474396}
{"round": 82, "loss": 1.2682969570159912, "accuracy": 0.3295269310474396}
{"round": 83, "loss": 1.2681149244308472, "accuracy": 0.3295269310474396}
{"round": 84, "loss": 1.2679331302642822, "accuracy": 0.3295269310474396}
{"round": 85, "loss": 1.2677518129348755, "accuracy": 0.3295269310474396}
{"round": 86, "loss": 1.267571210861206, "accuracy": 0.3295269310474396}
{"round": 87, "loss": 1.2673906087875366, "accuracy": 0.3295269310474396}
{"round": 88, "loss": 1.267210602760315, "accuracy": 0.3295269310474396}
{"round": 89, "loss": 1.2670314311981201, "accuracy": 0.3295269310474396}
{"round": 90, "loss": 1.2668521404266357, "accuracy": 0.3295269310474396}
{"round": 91, "loss": 1.2666735649108887, "accuracy": 0.3295269310474396}
{"round": 92, "loss": 1.2664954662322998, "accuracy": 0.3295269310474396}
{"round": 93, "loss": 1.2663174867630005, "accuracy": 0.3295269310474396}
{"round": 94, "loss": 1.2661402225494385, "accuracy": 0.33115825057029724}
{"round": 95, "loss": 1.2659631967544556, "accuracy": 0.33115825057029724}
{"round": 96, "loss": 1.2657867670059204, "accuracy": 0.33115825057029724}
{"round": 97, "loss": 1.2656105756759644, "accuracy": 0.33115825057029724}
{"round": 98, "loss": 1.265434980392456, "accuracy": 0.33115825057029724}
{"round": 99, "loss": 1.2652596235275269, "accuracy": 0.33115825057029724}
{"round": 100, "loss": 1.2650848627090454, "accuracy": 0.33115825057029724}
{"round": 101, "loss": 1.264910340309143, "accuracy": 0.33115825057029724}
{"round": 102, "loss": 1.2647364139556885, "accuracy": 0.33115825057029724}
{"round": 103, "loss": 1.2645628452301025, "accuracy": 0.33115825057029724}
{"round": 104, "loss": 1.2643897533416748, "accuracy": 0.33115825057029724}
{"round": 105, "loss": 1.2642168998718262, "accuracy": 0.33115825057029724}
{"round": 106, "loss": 1.2640445232391357, "accuracy": 0.33115825057029724}
{"round": 107, "loss": 1.2638726234436035, "accuracy": 0.33115825057029724}
{"round": 108, "loss": 1.2637009620666504,