{"round": 1, "loss": 0.6898047924041748, "accuracy": 0.5621827244758606}
{"round": 2, "loss": 0.6898046731948853, "accuracy": 0.5621827244758606}
{"round": 3, "loss": 0.6898046135902405, "accuracy": 0.5621827244758606}
{"round": 4, "loss": 0.6898046135902405, "accuracy": 0.5621827244758606}
{"round": 5, "loss": 0.6898045539855957, "accuracy": 0.5621827244758606}
{"round": 6, "loss": 0.6898045539855957, "accuracy": 0.5621827244758606}
{"round": 7, "loss": 0.6898044347763062, "accuracy": 0.5621827244758606}
{"round": 8, "loss": 0.6898043751716614, "accuracy": 0.5621827244758606}
{"round": 9, "loss": 0.6898043155670166, "accuracy": 0.5621827244758606}
{"round": 10, "loss": 0.6898041367530823, "accuracy": 0.5621827244758606}
{"round": 11, "loss": 0.6898040771484375, "accuracy": 0.5621827244758606}
{"round": 12, "loss": 0.6898040771484375, "accuracy": 0.5621827244758606}
{"round": 13, "loss": 0.6898040771484375, "accuracy": 0.5621827244758606}
{"round": 14, "loss": 0.6898038983345032, "accuracy": 0.5621827244758606}
{"round": 15, "loss": 0.6898038983345032, "accuracy": 0.5621827244758606}
{"round": 16, "loss": 0.6898038387298584, "accuracy": 0.5621827244758606}
{"round": 17, "loss": 0.6898037791252136, "accuracy": 0.5621827244758606}
{"round": 18, "loss": 0.6898036003112793, "accuracy": 0.5621827244758606}
{"round": 19, "loss": 0.6898036003112793, "accuracy": 0.5621827244758606}
{"round": 20, "loss": 0.689803421497345, "accuracy": 0.5621827244758606}
{"round": 21, "loss": 0.6898033022880554, "accuracy": 0.5621827244758606}
{"round": 22, "loss": 0.6898033618927002, "accuracy": 0.5621827244758606}
{"round": 23, "loss": 0.6898031234741211, "accuracy": 0.5621827244758606}
{"round": 24, "loss": 0.6898033022880554, "accuracy": 0.5621827244758606}
{"round": 25, "loss": 0.6898032426834106, "accuracy": 0.5621827244758606}
{"round": 26, "loss": 0.6898030638694763, "accuracy": 0.5621827244758606}
{"round": 27, "loss": 0.6898030042648315, "accuracy": 0.5621827244758606}
{"round": 28, "loss": 0.6898028254508972, "accuracy": 0.5621827244758606}
{"round": 29, "loss": 0.689802885055542, "accuracy": 0.5621827244758606}
{"round": 30, "loss": 0.6898027658462524, "accuracy": 0.5621827244758606}
{"round": 31, "loss": 0.6898025870323181, "accuracy": 0.5621827244758606}
{"round": 32, "loss": 0.6898026466369629, "accuracy": 0.5621827244758606}
{"round": 33, "loss": 0.6898025274276733, "accuracy": 0.5621827244758606}
{"round": 34, "loss": 0.6898024678230286, "accuracy": 0.5621827244758606}
{"round": 35, "loss": 0.6898022890090942, "accuracy": 0.5621827244758606}
{"round": 36, "loss": 0.6898022890090942, "accuracy": 0.5621827244758606}
{"round": 37, "loss": 0.6898022294044495, "accuracy": 0.5621827244758606}
{"round": 38, "loss": 0.6898022294044495, "accuracy": 0.5621827244758606}
{"round": 39, "loss": 0.6898022294044495, "accuracy": 0.5621827244758606}
{"round": 40, "loss": 0.6898021101951599, "accuracy": 0.5621827244758606}
{"round": 41, "loss": 0.6898019909858704, "accuracy": 0.5621827244758606}
{"round": 42, "loss": 0.6898018717765808, "accuracy": 0.5621827244758606}
{"round": 43, "loss": 0.689801812171936, "accuracy": 0.5621827244758606}
{"round": 44, "loss": 0.6898017525672913, "accuracy": 0.5621827244758606}
{"round": 45, "loss": 0.6898015737533569, "accuracy": 0.5621827244758606}
{"round": 46, "loss": 0.6898015141487122, "accuracy": 0.5621827244758606}
{"round": 47, "loss": 0.6898015141487122, "accuracy": 0.5621827244758606}
{"round": 48, "loss": 0.6898015141487122, "accuracy": 0.5621827244758606}
{"round": 49, "loss": 0.6898013353347778, "accuracy": 0.5621827244758606}
{"round": 50, "loss": 0.6898012757301331, "accuracy": 0.5621827244758606}
