{"round": 1, "loss": 1.8669949769973755, "accuracy": 0.16370558738708496}
{"round": 2, "loss": 1.8669133186340332, "accuracy": 0.16370558738708496}
{"round": 3, "loss": 1.8668313026428223, "accuracy": 0.16370558738708496}
{"round": 4, "loss": 1.86674964427948, "accuracy": 0.16370558738708496}
{"round": 5, "loss": 1.8666677474975586, "accuracy": 0.16370558738708496}
{"round": 6, "loss": 1.8665863275527954, "accuracy": 0.16370558738708496}
{"round": 7, "loss": 1.866504430770874, "accuracy": 0.16370558738708496}
{"round": 8, "loss": 1.8664226531982422, "accuracy": 0.16370558738708496}
{"round": 9, "loss": 1.8663413524627686, "accuracy": 0.16370558738708496}
{"round": 10, "loss": 1.8662598133087158, "accuracy": 0.16370558738708496}
{"round": 11, "loss": 1.8661783933639526, "accuracy": 0.16370558738708496}
{"round": 12, "loss": 1.8660972118377686, "accuracy": 0.16243654489517212}
{"round": 13, "loss": 1.8660156726837158, "accuracy": 0.16243654489517212}
{"round": 14, "loss": 1.8659342527389526, "accuracy": 0.16243654489517212}
{"round": 15, "loss": 1.8658530712127686, "accuracy": 0.16243654489517212}
{"round": 16, "loss": 1.8657721281051636, "accuracy": 0.16116751730442047}
{"round": 17, "loss": 1.86569082736969, "accuracy": 0.16116751730442047}
{"round": 18, "loss": 1.8656095266342163, "accuracy": 0.16116751730442047}
{"round": 19, "loss": 1.8655287027359009, "accuracy": 0.16116751730442047}
{"round": 20, "loss": 1.8654476404190063, "accuracy": 0.16116751730442047}
{"round": 21, "loss": 1.8653665781021118, "accuracy": 0.16116751730442047}
{"round": 22, "loss": 1.8652856349945068, "accuracy": 0.16116751730442047}
{"round": 23, "loss": 1.8652050495147705, "accuracy": 0.16116751730442047}
{"round": 24, "loss": 1.8651241064071655, "accuracy": 0.16116751730442047}
{"round": 25, "loss": 1.8650434017181396, "accuracy": 0.16116751730442047}
{"round": 26, "loss": 1.8649628162384033, "accuracy": 0.16116751730442047}
{"round": 27, "loss": 1.8648818731307983, "accuracy": 0.16116751730442047}
{"round": 28, "loss": 1.8648014068603516, "accuracy": 0.16116751730442047}
{"round": 29, "loss": 1.8647208213806152, "accuracy": 0.16116751730442047}
{"round": 30, "loss": 1.8646403551101685, "accuracy": 0.16243654489517212}
