{"round": 0, "distributed_loss": 0.0, "centralized_loss": 0.0}
{"round": 1, "distributed_loss": 1.254843684823014, "centralized_loss": 0.0}
{"round": 2, "distributed_loss": 0.3748913932826828, "centralized_loss": 0.0}
{"round": 3, "distributed_loss": 0.38426070015543323, "centralized_loss": 0.0}
{"round": 4, "distributed_loss": 0.37027384276405917, "centralized_loss": 0.0}
{"round": 5, "distributed_loss": 0.37678589009713886, "centralized_loss": 0.0}
{"round": 6, "distributed_loss": 0.3681365035697075, "centralized_loss": 0.0}
{"round": 7, "distributed_loss": 0.3605568389658912, "centralized_loss": 0.0}
{"round": 8, "distributed_loss": 0.3925285504827666, "centralized_loss": 0.0}
{"round": 9, "distributed_loss": 0.3769345385365906, "centralized_loss": 0.0}
{"round": 10, "distributed_loss": 0.3657229679738762, "centralized_loss": 0.0}
