{"round": 0, "distributed_loss": 0.0, "centralized_loss": 0.0}
{"round": 1, "distributed_loss": 0.3890866261821967, "centralized_loss": 0.0}
{"round": 2, "distributed_loss": 0.38899292058213875, "centralized_loss": 0.0}
{"round": 3, "distributed_loss": 0.38924542990115424, "centralized_loss": 0.0}
{"round": 4, "distributed_loss": 0.3889295101826745, "centralized_loss": 0.0}
{"round": 5, "distributed_loss": 0.38892503097842335, "centralized_loss": 0.0}
{"round": 6, "distributed_loss": 0.3889953604879509, "centralized_loss": 0.0}
{"round": 7, "distributed_loss": 0.38904212432196894, "centralized_loss": 0.0}
{"round": 8, "distributed_loss": 0.38891007685377205, "centralized_loss": 0.0}
{"round": 9, "distributed_loss": 0.38891532541797974, "centralized_loss": 0.0}
{"round": 10, "distributed_loss": 0.38892030865092486, "centralized_loss": 0.0}
