{"round": 0, "distributed_loss": 0.0, "centralized_loss": 0.0}
{"round": 1, "distributed_loss": 0.5401125345845673, "centralized_loss": 0.0}
{"round": 2, "distributed_loss": 0.5405626066158272, "centralized_loss": 0.0}
{"round": 3, "distributed_loss": 0.5354327577846358, "centralized_loss": 0.0}
{"round": 4, "distributed_loss": 0.5376728874180817, "centralized_loss": 0.0}
{"round": 5, "distributed_loss": 0.5382685468376027, "centralized_loss": 0.0}
{"round": 6, "distributed_loss": 0.5386213377721047, "centralized_loss": 0.0}
{"round": 7, "distributed_loss": 0.5374397573443507, "centralized_loss": 0.0}
{"round": 8, "distributed_loss": 0.5381442238370348, "centralized_loss": 0.0}
{"round": 9, "distributed_loss": 0.5357978248642129, "centralized_loss": 0.0}
{"round": 10, "distributed_loss": 0.536765710466859, "centralized_loss": 0.0}
{"round": 11, "distributed_loss": 0.5360807581214316, "centralized_loss": 0.0}
{"round": 12, "distributed_loss": 0.5358691452096193, "centralized_loss": 0.0}
{"round": 13, "distributed_loss": 0.5348304274683973, "centralized_loss": 0.0}
{"round": 14, "distributed_loss": 0.5369054336308974, "centralized_loss": 0.0}
{"round": 15, "distributed_loss": 0.5373296177226454, "centralized_loss": 0.0}
{"round": 16, "distributed_loss": 0.5358621597519729, "centralized_loss": 0.0}
{"round": 17, "distributed_loss": 0.5363531341212793, "centralized_loss": 0.0}
{"round": 18, "distributed_loss": 0.5363137112187513, "centralized_loss": 0.0}
{"round": 19, "distributed_loss": 0.5384350433974368, "centralized_loss": 0.0}
{"round": 20, "distributed_loss": 0.5362911895061044, "centralized_loss": 0.0}
{"round": 21, "distributed_loss": 0.5368706691931209, "centralized_loss": 0.0}
{"round": 22, "distributed_loss": 0.535743995438651, "centralized_loss": 0.0}
{"round": 23, "distributed_loss": 0.5365606325899246, "centralized_loss": 0.0}
{"round": 24, "distributed_loss": 0.5370747157604019, "centralized_loss": 0.0}
{"round": 25, "distributed_loss": 0.5382726577205694, "centralized_loss": 0.0}
{"round": 26, "distributed_loss": 0.5364665116877915, "centralized_loss": 0.0}
{"round": 27, "distributed_loss": 0.5373557729068749, "centralized_loss": 0.0}
{"round": 28, "distributed_loss": 0.5378418668157103, "centralized_loss": 0.0}
{"round": 29, "distributed_loss": 0.5367056497719017, "centralized_loss": 0.0}
{"round": 30, "distributed_loss": 0.5382682225148342, "centralized_loss": 0.0}
{"round": 31, "distributed_loss": 0.5349982062745875, "centralized_loss": 0.0}
{"round": 32, "distributed_loss": 0.5368589269632549, "centralized_loss": 0.0}
{"round": 33, "distributed_loss": 0.5353752068012436, "centralized_loss": 0.0}
{"round": 34, "distributed_loss": 0.536963557921393, "centralized_loss": 0.0}
{"round": 35, "distributed_loss": 0.5379274428924384, "centralized_loss": 0.0}
{"round": 36, "distributed_loss": 0.5372105973534042, "centralized_loss": 0.0}
{"round": 37, "distributed_loss": 0.5362641489804365, "centralized_loss": 0.0}
{"round": 38, "distributed_loss": 0.5388078006246416, "centralized_loss": 0.0}
{"round": 39, "distributed_loss": 0.5357723061519322, "centralized_loss": 0.0}
{"round": 40, "distributed_loss": 0.5363030634633837, "centralized_loss": 0.0}
{"round": 41, "distributed_loss": 0.5358333823079089, "centralized_loss": 0.0}
{"round": 42, "distributed_loss": 0.5363926413201643, "centralized_loss": 0.0}
{"round": 43, "distributed_loss": 0.5377852688175635, "centralized_loss": 0.0}
{"round": 44, "distributed_loss": 0.5380996774616499, "centralized_loss": 0.0}
{"round": 45, "distributed_loss": 0.5350331037030743, "centralized_loss": 0.0}
{"round": 46, "distributed_loss": 0.5393286292263538, "centralized_loss": 0.0}
{"round": 47, "distributed_loss": 0.5357228805793732, "centralized_loss": 0.0}
{"round": 48, "distributed_loss": 0.5347964231908207, "centralized_loss": 0.0}
{"round": 49, "distributed_loss": 0.5361605375028988, "centralized_loss": 0.0}
{"round": 50, "distributed_loss": 0.5354614897500114, "centralized_loss": 0.0}
{"round": 51, "distributed_loss": 0.5361970572342992, "centralized_loss": 0.0}
{"round": 52, "distributed_loss": 0.5369705720903327, "centralized_loss": 0.0}
{"round": 53, "distributed_loss": 0.5354884134781384, "centralized_loss": 0.0}
{"round": 54, "distributed_loss": 0.535841561351438, "centralized_loss": 0.0}
{"round": 55, "distributed_loss": 0.5358230844857835, "centralized_loss": 0.0}
{"round": 56, "distributed_loss": 0.5368264315215608, "centralized_loss": 0.0}
{"round": 57, "distributed_loss": 0.5355725253937561, "centralized_loss": 0.0}
{"round": 58, "distributed_loss": 0.5351706627246732, "centralized_loss": 0.0}
{"round": 59, "distributed_loss": 0.5351932186611815, "centralized_loss": 0.0}
{"round": 60, "distributed_loss": 0.5350854089035004, "centralized_loss": 0.0}
{"round": 61, "distributed_loss": 0.5344234646400275, "centralized_loss": 0.0}
{"round": 62, "distributed_loss": 0.5368165810213842, "centralized_loss": 0.0}
{"round": 63, "distributed_loss": 0.5367426512788026, "centralized_loss": 0.0}
{"round": 64, "distributed_loss": 0.5351229556952828, "centralized_loss": 0.0}
{"round": 65, "distributed_loss": 0.5350569602611667, "centralized_loss": 0.0}
{"round": 66, "distributed_loss": 0.5339170693202745, "centralized_loss": 0.0}
{"round": 67, "distributed_loss": 0.5342260909218319, "centralized_loss": 0.0}
{"round": 68, "distributed_loss": 0.5334257226229173, "centralized_loss": 0.0}
{"round": 69, "distributed_loss": 0.5331152574175355, "centralized_loss": 0.0}
{"round": 70, "distributed_loss": 0.5372245388683327, "centralized_loss": 0.0}
{"round": 71, "distributed_loss": 0.5339270134192671, "centralized_loss": 0.0}
{"round": 72, "distributed_loss": 0.5346347730972864, "centralized_loss": 0.0}
{"round": 73, "distributed_loss": 0.5353150923587454, "centralized_loss": 0.0}
{"round": 74, "distributed_loss": 0.5379604345801249, "centralized_loss": 0.0}
{"round": 75, "distributed_loss": 0.5354940589223064, "centralized_loss": 0.0}
{"round": 76, "distributed_loss": 0.5383272692417593, "centralized_loss": 0.0}
{"round": 77, "distributed_loss": 0.5341477953399997, "centralized_loss": 0.0}
{"round": 78, "distributed_loss": 0.5338042321003011, "centralized_loss": 0.0}
{"round": 79, "distributed_loss": 0.5347620582994009, "centralized_loss": 0.0}
{"round": 80, "distributed_loss": 0.5347847977584956, "centralized_loss": 0.0}
{"round": 81, "distributed_loss": 0.5349653429838045, "centralized_loss": 0.0}
{"round": 82, "distributed_loss": 0.5342302121408643, "centralized_loss": 0.0}
{"round": 83, "distributed_loss": 0.5330308257729561, "centralized_loss": 0.0}
{"round": 84, "distributed_loss": 0.5350279684011647, "centralized_loss": 0.0}
{"round": 85, "distributed_loss": 0.5337338573900491, "centralized_loss": 0.0}
{"round": 86, "distributed_loss": 0.5343897423073506, "centralized_loss": 0.0}
{"round": 87, "distributed_loss": 0.5336190574660696, "centralized_loss": 0.0}
{"round": 88, "distributed_loss": 0.5336732356764218, "centralized_loss": 0.0}
{"round": 89, "distributed_loss": 0.5359063109451176, "centralized_loss": 0.0}
{"round": 90, "distributed_loss": 0.5351894169414204, "centralized_loss": 0.0}
{"round": 91, "distributed_loss": 0.5337197782906035, "centralized_loss": 0.0}
{"round": 92, "distributed_loss": 0.533588927260713, "centralized_loss": 0.0}
{"round": 93, "distributed_loss": 0.5361060252079385, "centralized_loss": 0.0}
{"round": 94, "distributed_loss": 0.535204088871649, "centralized_loss": 0.0}
{"round": 95, "distributed_loss": 0.5359281575978376, "centralized_loss": 0.0}
{"round": 96, "distributed_loss": 0.5346188271895539, "centralized_loss": 0.0}
{"round": 97, "distributed_loss": 0.5367283421444755, "centralized_loss": 0.0}
{"round": 98, "distributed_loss": 0.5346112873742576, "centralized_loss": 0.0}
{"round": 99, "distributed_loss": 0.5364472371075654, "centralized_loss": 0.0}
{"round": 100, "distributed_loss": 0.5352207116768309, "centralized_loss": 0.0}
