{"round": 0, "distributed_loss": 0.0, "centralized_loss": 0.0}
{"round": 1, "distributed_loss": 0.5345306984491661, "centralized_loss": 0.0}
{"round": 2, "distributed_loss": 0.5304367098964478, "centralized_loss": 0.0}
{"round": 3, "distributed_loss": 0.5292166465739064, "centralized_loss": 0.0}
{"round": 4, "distributed_loss": 0.5345634590683644, "centralized_loss": 0.0}
{"round": 5, "distributed_loss": 0.5311945806578634, "centralized_loss": 0.0}
{"round": 6, "distributed_loss": 0.528204721522469, "centralized_loss": 0.0}
{"round": 7, "distributed_loss": 0.5303104369396878, "centralized_loss": 0.0}
{"round": 8, "distributed_loss": 0.5292422124875533, "centralized_loss": 0.0}
{"round": 9, "distributed_loss": 0.5294824968413351, "centralized_loss": 0.0}
{"round": 10, "distributed_loss": 0.5276684434887072, "centralized_loss": 0.0}
{"round": 11, "distributed_loss": 0.5269108845319362, "centralized_loss": 0.0}
{"round": 12, "distributed_loss": 0.5264806175507561, "centralized_loss": 0.0}
{"round": 13, "distributed_loss": 0.5254231175705647, "centralized_loss": 0.0}
{"round": 14, "distributed_loss": 0.5273158906282488, "centralized_loss": 0.0}
{"round": 15, "distributed_loss": 0.526007538815684, "centralized_loss": 0.0}
{"round": 16, "distributed_loss": 0.5269816014808038, "centralized_loss": 0.0}
{"round": 17, "distributed_loss": 0.5262358568766673, "centralized_loss": 0.0}
{"round": 18, "distributed_loss": 0.5275106616102891, "centralized_loss": 0.0}
{"round": 19, "distributed_loss": 0.5262003828105669, "centralized_loss": 0.0}
{"round": 20, "distributed_loss": 0.5274283469067833, "centralized_loss": 0.0}
{"round": 21, "distributed_loss": 0.527705419614825, "centralized_loss": 0.0}
{"round": 22, "distributed_loss": 0.5261878272471859, "centralized_loss": 0.0}
{"round": 23, "distributed_loss": 0.5284132779448478, "centralized_loss": 0.0}
{"round": 24, "distributed_loss": 0.526236916323388, "centralized_loss": 0.0}
{"round": 25, "distributed_loss": 0.5275854754310123, "centralized_loss": 0.0}
{"round": 26, "distributed_loss": 0.5288964149350146, "centralized_loss": 0.0}
{"round": 27, "distributed_loss": 0.5281584825589248, "centralized_loss": 0.0}
{"round": 28, "distributed_loss": 0.5291917280424996, "centralized_loss": 0.0}
{"round": 29, "distributed_loss": 0.5286843140460623, "centralized_loss": 0.0}
{"round": 30, "distributed_loss": 0.5268475468448132, "centralized_loss": 0.0}
{"round": 31, "distributed_loss": 0.5283408254557262, "centralized_loss": 0.0}
{"round": 32, "distributed_loss": 0.5274796296406343, "centralized_loss": 0.0}
{"round": 33, "distributed_loss": 0.5293559581328449, "centralized_loss": 0.0}
{"round": 34, "distributed_loss": 0.5301273802801364, "centralized_loss": 0.0}
{"round": 35, "distributed_loss": 0.5287317620995876, "centralized_loss": 0.0}
{"round": 36, "distributed_loss": 0.5273911873729242, "centralized_loss": 0.0}
{"round": 37, "distributed_loss": 0.5279106038383895, "centralized_loss": 0.0}
{"round": 38, "distributed_loss": 0.5275801144583376, "centralized_loss": 0.0}
{"round": 39, "distributed_loss": 0.5297539072229683, "centralized_loss": 0.0}
{"round": 40, "distributed_loss": 0.5269602498107793, "centralized_loss": 0.0}
{"round": 41, "distributed_loss": 0.5265780745903191, "centralized_loss": 0.0}
{"round": 42, "distributed_loss": 0.5265956279859377, "centralized_loss": 0.0}
{"round": 43, "distributed_loss": 0.5284521866855364, "centralized_loss": 0.0}
{"round": 44, "distributed_loss": 0.5263410022263353, "centralized_loss": 0.0}
{"round": 45, "distributed_loss": 0.5272800631835511, "centralized_loss": 0.0}
{"round": 46, "distributed_loss": 0.5266424262454744, "centralized_loss": 0.0}
{"round": 47, "distributed_loss": 0.5270397238189315, "centralized_loss": 0.0}
{"round": 48, "distributed_loss": 0.5325919087681926, "centralized_loss": 0.0}
{"round": 49, "distributed_loss": 0.5307048088323634, "centralized_loss": 0.0}
{"round": 50, "distributed_loss": 0.5277930470560327, "centralized_loss": 0.0}
{"round": 51, "distributed_loss": 0.5257629554625421, "centralized_loss": 0.0}
{"round": 52, "distributed_loss": 0.5272382635601683, "centralized_loss": 0.0}
{"round": 53, "distributed_loss": 0.5290866255300812, "centralized_loss": 0.0}
{"round": 54, "distributed_loss": 0.5312164670470133, "centralized_loss": 0.0}
{"round": 55, "distributed_loss": 0.532195397539635, "centralized_loss": 0.0}
{"round": 56, "distributed_loss": 0.5319193887572757, "centralized_loss": 0.0}
{"round": 57, "distributed_loss": 0.5319475532726515, "centralized_loss": 0.0}
{"round": 58, "distributed_loss": 0.5305552642239771, "centralized_loss": 0.0}
{"round": 59, "distributed_loss": 0.5314542222803957, "centralized_loss": 0.0}
{"round": 60, "distributed_loss": 0.531352232072165, "centralized_loss": 0.0}
{"round": 61, "distributed_loss": 0.5356667999587307, "centralized_loss": 0.0}
{"round": 62, "distributed_loss": 0.5343153251618549, "centralized_loss": 0.0}
{"round": 63, "distributed_loss": 0.531251510443715, "centralized_loss": 0.0}
{"round": 64, "distributed_loss": 0.5335793351621756, "centralized_loss": 0.0}
{"round": 65, "distributed_loss": 0.5337867309592362, "centralized_loss": 0.0}
{"round": 66, "distributed_loss": 0.5302523117304307, "centralized_loss": 0.0}
{"round": 67, "distributed_loss": 0.5310462893548499, "centralized_loss": 0.0}
{"round": 68, "distributed_loss": 0.5313303484392993, "centralized_loss": 0.0}
{"round": 69, "distributed_loss": 0.5310011283280992, "centralized_loss": 0.0}
{"round": 70, "distributed_loss": 0.5303432622167187, "centralized_loss": 0.0}
{"round": 71, "distributed_loss": 0.5304445248807785, "centralized_loss": 0.0}
{"round": 72, "distributed_loss": 0.5294693169795939, "centralized_loss": 0.0}
{"round": 73, "distributed_loss": 0.5296227469150271, "centralized_loss": 0.0}
{"round": 74, "distributed_loss": 0.5265224586332464, "centralized_loss": 0.0}
{"round": 75, "distributed_loss": 0.5276803014825074, "centralized_loss": 0.0}
{"round": 76, "distributed_loss": 0.526287484605418, "centralized_loss": 0.0}
{"round": 77, "distributed_loss": 0.5268240882252453, "centralized_loss": 0.0}
{"round": 78, "distributed_loss": 0.5294164215898238, "centralized_loss": 0.0}
{"round": 79, "distributed_loss": 0.5257033492099343, "centralized_loss": 0.0}
{"round": 80, "distributed_loss": 0.5266974950801431, "centralized_loss": 0.0}
{"round": 81, "distributed_loss": 0.5263496865886255, "centralized_loss": 0.0}
{"round": 82, "distributed_loss": 0.5280066258875161, "centralized_loss": 0.0}
{"round": 83, "distributed_loss": 0.5262582939484216, "centralized_loss": 0.0}
{"round": 84, "distributed_loss": 0.5279602122444638, "centralized_loss": 0.0}
{"round": 85, "distributed_loss": 0.5262397473717471, "centralized_loss": 0.0}
{"round": 86, "distributed_loss": 0.5282499088487643, "centralized_loss": 0.0}
{"round": 87, "distributed_loss": 0.5289971031435193, "centralized_loss": 0.0}
{"round": 88, "distributed_loss": 0.5268030491637816, "centralized_loss": 0.0}
{"round": 89, "distributed_loss": 0.5271046709463086, "centralized_loss": 0.0}
{"round": 90, "distributed_loss": 0.5276306381804405, "centralized_loss": 0.0}
{"round": 91, "distributed_loss": 0.52622431953059, "centralized_loss": 0.0}
{"round": 92, "distributed_loss": 0.527623742187184, "centralized_loss": 0.0}
{"round": 93, "distributed_loss": 0.5283807640130809, "centralized_loss": 0.0}
{"round": 94, "distributed_loss": 0.5271577175871714, "centralized_loss": 0.0}
{"round": 95, "distributed_loss": 0.5253855604427169, "centralized_loss": 0.0}
{"round": 96, "distributed_loss": 0.5273212504524716, "centralized_loss": 0.0}
{"round": 97, "distributed_loss": 0.5299103593091284, "centralized_loss": 0.0}
{"round": 98, "distributed_loss": 0.5283977149309221, "centralized_loss": 0.0}
{"round": 99, "distributed_loss": 0.5269551718166109, "centralized_loss": 0.0}
{"round": 100, "distributed_loss": 0.5273424625856109, "centralized_loss": 0.0}
