{"round": 0, "distributed_loss": 0.0, "centralized_loss": 0.0}
{"round": 1, "distributed_loss": 0.4576499715806639, "centralized_loss": 0.0}
{"round": 2, "distributed_loss": 0.8109622590757863, "centralized_loss": 0.0}
{"round": 3, "distributed_loss": 0.7212082683495056, "centralized_loss": 0.0}
{"round": 4, "distributed_loss": 0.4448860070750997, "centralized_loss": 0.0}
{"round": 5, "distributed_loss": 0.45802164634663367, "centralized_loss": 0.0}
{"round": 6, "distributed_loss": 0.4899682411182353, "centralized_loss": 0.0}
{"round": 7, "distributed_loss": 0.3998984376341724, "centralized_loss": 0.0}
{"round": 8, "distributed_loss": 0.34869997522182894, "centralized_loss": 0.0}
{"round": 9, "distributed_loss": 0.34276888794633414, "centralized_loss": 0.0}
{"round": 10, "distributed_loss": 0.3491117848224275, "centralized_loss": 0.0}
{"round": 11, "distributed_loss": 0.3449601386550656, "centralized_loss": 0.0}
{"round": 12, "distributed_loss": 0.35406840448565813, "centralized_loss": 0.0}
{"round": 13, "distributed_loss": 0.34907063397881594, "centralized_loss": 0.0}
{"round": 14, "distributed_loss": 0.3454798233182056, "centralized_loss": 0.0}
{"round": 15, "distributed_loss": 0.34160953683845224, "centralized_loss": 0.0}
{"round": 16, "distributed_loss": 0.35147348807339657, "centralized_loss": 0.0}
{"round": 17, "distributed_loss": 0.34504223299938147, "centralized_loss": 0.0}
{"round": 18, "distributed_loss": 0.3373591510137715, "centralized_loss": 0.0}
{"round": 19, "distributed_loss": 0.3460317555112038, "centralized_loss": 0.0}
{"round": 20, "distributed_loss": 0.34516149386206174, "centralized_loss": 0.0}
{"round": 21, "distributed_loss": 0.3494128190668444, "centralized_loss": 0.0}
{"round": 22, "distributed_loss": 0.34610547076536036, "centralized_loss": 0.0}
{"round": 23, "distributed_loss": 0.34889966237574743, "centralized_loss": 0.0}
{"round": 24, "distributed_loss": 0.3350748824409317, "centralized_loss": 0.0}
{"round": 25, "distributed_loss": 0.3372814592528323, "centralized_loss": 0.0}
{"round": 26, "distributed_loss": 0.3314208333331748, "centralized_loss": 0.0}
{"round": 27, "distributed_loss": 0.35395634336860005, "centralized_loss": 0.0}
{"round": 28, "distributed_loss": 0.33497609439633436, "centralized_loss": 0.0}
{"round": 29, "distributed_loss": 0.34009761548200845, "centralized_loss": 0.0}
{"round": 30, "distributed_loss": 0.34262905160486945, "centralized_loss": 0.0}
