{"round": 0, "distributed_loss": 0.0, "centralized_loss": 0.0, "distributed_accuracy": 0.0, "centralized_accuracy": 0.0}
{"round": 1, "distributed_loss": 0.7563898514851966, "centralized_loss": 0.0, "distributed_accuracy": 0.0, "centralized_accuracy": 0.0}
{"round": 2, "distributed_loss": 0.7064347629632052, "centralized_loss": 0.0, "distributed_accuracy": 0.5489130434782609, "centralized_accuracy": 0.0}
{"round": 3, "distributed_loss": 0.6681681116118686, "centralized_loss": 0.0, "distributed_accuracy": 0.6289855072463768, "centralized_accuracy": 0.0}
{"round": 4, "distributed_loss": 0.6393231379470146, "centralized_loss": 0.0, "distributed_accuracy": 0.7438405797101448, "centralized_accuracy": 0.0}
{"round": 5, "distributed_loss": 0.6174858194271117, "centralized_loss": 0.0, "distributed_accuracy": 0.7630434782608696, "centralized_accuracy": 0.0}
{"round": 6, "distributed_loss": 0.600725119198855, "centralized_loss": 0.0, "distributed_accuracy": 0.778623188405797, "centralized_accuracy": 0.0}
{"round": 7, "distributed_loss": 0.5876713085720557, "centralized_loss": 0.0, "distributed_accuracy": 0.778623188405797, "centralized_accuracy": 0.0}
{"round": 8, "distributed_loss": 0.5773614133890652, "centralized_loss": 0.0, "distributed_accuracy": 0.7858695652173913, "centralized_accuracy": 0.0}
{"round": 9, "distributed_loss": 0.5691122976878217, "centralized_loss": 0.0, "distributed_accuracy": 0.7858695652173913, "centralized_accuracy": 0.0}
{"round": 10, "distributed_loss": 0.5624345254352074, "centralized_loss": 0.0, "distributed_accuracy": 0.7931159420289855, "centralized_accuracy": 0.0}
{"round": 11, "distributed_loss": 0.5569727278241068, "centralized_loss": 0.0, "distributed_accuracy": 0.7894927536231884, "centralized_accuracy": 0.0}
{"round": 12, "distributed_loss": 0.552464495405896, "centralized_loss": 0.0, "distributed_accuracy": 0.7967391304347826, "centralized_accuracy": 0.0}
{"round": 13, "distributed_loss": 0.5487134988981349, "centralized_loss": 0.0, "distributed_accuracy": 0.807608695652174, "centralized_accuracy": 0.0}
{"round": 14, "distributed_loss": 0.5455700499562514, "centralized_loss": 0.0, "distributed_accuracy": 0.807608695652174, "centralized_accuracy": 0.0}
{"round": 15, "distributed_loss": 0.5429191996578042, "centralized_loss": 0.0, "distributed_accuracy": 0.807608695652174, "centralized_accuracy": 0.0}
{"round": 16, "distributed_loss": 0.5406709782798175, "centralized_loss": 0.0, "distributed_accuracy": 0.807608695652174, "centralized_accuracy": 0.0}
{"round": 17, "distributed_loss": 0.5387546919836039, "centralized_loss": 0.0, "distributed_accuracy": 0.807608695652174, "centralized_accuracy": 0.0}
{"round": 18, "distributed_loss": 0.5371140138490206, "centralized_loss": 0.0, "distributed_accuracy": 0.807608695652174, "centralized_accuracy": 0.0}
{"round": 19, "distributed_loss": 0.5357036156053762, "centralized_loss": 0.0, "distributed_accuracy": 0.807608695652174, "centralized_accuracy": 0.0}
{"round": 20, "distributed_loss": 0.5344869589229273, "centralized_loss": 0.0, "distributed_accuracy": 0.807608695652174, "centralized_accuracy": 0.0}
{"round": 21, "distributed_loss": 0.5334340323321995, "centralized_loss": 0.0, "distributed_accuracy": 0.807608695652174, "centralized_accuracy": 0.0}
{"round": 22, "distributed_loss": 0.532520448357701, "centralized_loss": 0.0, "distributed_accuracy": 0.807608695652174, "centralized_accuracy": 0.0}
{"round": 23, "distributed_loss": 0.5317257095232568, "centralized_loss": 0.0, "distributed_accuracy": 0.807608695652174, "centralized_accuracy": 0.0}
{"round": 24, "distributed_loss": 0.5310329936691216, "centralized_loss": 0.0, "distributed_accuracy": 0.807608695652174, "centralized_accuracy": 0.0}
{"round": 25, "distributed_loss": 0.5304281568254223, "centralized_loss": 0.0, "distributed_accuracy": 0.807608695652174, "centralized_accuracy": 0.0}
{"round": 26, "distributed_loss": 0.5298993793759333, "centralized_loss": 0.0, "distributed_accuracy": 0.8039855072463769, "centralized_accuracy": 0.0}
{"round": 27, "distributed_loss": 0.5294364073500986, "centralized_loss": 0.0, "distributed_accuracy": 0.8039855072463769, "centralized_accuracy": 0.0}
{"round": 28, "distributed_loss": 0.5290307404885766, "centralized_loss": 0.0, "distributed_accuracy": 0.807608695652174, "centralized_accuracy": 0.0}
{"round": 29, "distributed_loss": 0.528675162534374, "centralized_loss": 0.0, "distributed_accuracy": 0.807608695652174, "centralized_accuracy": 0.0}
{"round": 30, "distributed_loss": 0.5283633204361865, "centralized_loss": 0.0, "distributed_accuracy": 0.807608695652174, "centralized_accuracy": 0.0}
{"round": 31, "distributed_loss": 0.5280898725258485, "centralized_loss": 0.0, "distributed_accuracy": 0.807608695652174, "centralized_accuracy": 0.0}
{"round": 32, "distributed_loss": 0.52785010548645, "centralized_loss": 0.0, "distributed_accuracy": 0.807608695652174, "centralized_accuracy": 0.0}
{"round": 33, "distributed_loss": 0.5276400953455432, "centralized_loss": 0.0, "distributed_accuracy": 0.807608695652174, "centralized_accuracy": 0.0}
{"round": 34, "distributed_loss": 0.5274561147653419, "centralized_loss": 0.0, "distributed_accuracy": 0.7992753623188407, "centralized_accuracy": 0.0}
{"round": 35, "distributed_loss": 0.5272952998412475, "centralized_loss": 0.0, "distributed_accuracy": 0.7992753623188407, "centralized_accuracy": 0.0}
{"round": 36, "distributed_loss": 0.5271549075462739, "centralized_loss": 0.0, "distributed_accuracy": 0.7992753623188407, "centralized_accuracy": 0.0}
{"round": 37, "distributed_loss": 0.5270325831177883, "centralized_loss": 0.0, "distributed_accuracy": 0.7992753623188407, "centralized_accuracy": 0.0}
{"round": 38, "distributed_loss": 0.5269262968887203, "centralized_loss": 0.0, "distributed_accuracy": 0.7992753623188407, "centralized_accuracy": 0.0}
{"round": 39, "distributed_loss": 0.5268341690377728, "centralized_loss": 0.0, "distributed_accuracy": 0.7992753623188407, "centralized_accuracy": 0.0}
{"round": 40, "distributed_loss": 0.5267547785325815, "centralized_loss": 0.0, "distributed_accuracy": 0.7992753623188407, "centralized_accuracy": 0.0}
{"round": 41, "distributed_loss": 0.5266865542675095, "centralized_loss": 0.0, "distributed_accuracy": 0.7992753623188407, "centralized_accuracy": 0.0}
{"round": 42, "distributed_loss": 0.5266282305159338, "centralized_loss": 0.0, "distributed_accuracy": 0.7992753623188407, "centralized_accuracy": 0.0}
{"round": 43, "distributed_loss": 0.5265787165735211, "centralized_loss": 0.0, "distributed_accuracy": 0.7992753623188407, "centralized_accuracy": 0.0}
{"round": 44, "distributed_loss": 0.5265370843974688, "centralized_loss": 0.0, "distributed_accuracy": 0.7992753623188407, "centralized_accuracy": 0.0}
{"round": 45, "distributed_loss": 0.5265024256615238, "centralized_loss": 0.0, "distributed_accuracy": 0.7992753623188407, "centralized_accuracy": 0.0}
{"round": 46, "distributed_loss": 0.5264739856768503, "centralized_loss": 0.0, "distributed_accuracy": 0.7992753623188407, "centralized_accuracy": 0.0}
{"round": 47, "distributed_loss": 0.5264509608424044, "centralized_loss": 0.0, "distributed_accuracy": 0.7992753623188407, "centralized_accuracy": 0.0}
{"round": 48, "distributed_loss": 0.5264328835726391, "centralized_loss": 0.0, "distributed_accuracy": 0.7992753623188407, "centralized_accuracy": 0.0}
{"round": 49, "distributed_loss": 0.5264190839598804, "centralized_loss": 0.0, "distributed_accuracy": 0.7992753623188407, "centralized_accuracy": 0.0}
{"round": 50, "distributed_loss": 0.5264091160309528, "centralized_loss": 0.0, "distributed_accuracy": 0.7992753623188407, "centralized_accuracy": 0.0}
{"round": 51, "distributed_loss": 0.5264025247885677, "centralized_loss": 0.0, "distributed_accuracy": 0.7992753623188407, "centralized_accuracy": 0.0}
{"round": 52, "distributed_loss": 0.5263988913318887, "centralized_loss": 0.0, "distributed_accuracy": 0.7992753623188407, "centralized_accuracy": 0.0}
{"round": 53,