{
  "metrics": {
    "Approach": {
      "0": "dl",
      "1": "ml",
      "2": "mode"
    },
    "Accuracy": {
      "0": 0.8333333333333334,
      "1": 0.8238095238095238,
      "2": 0.6428571428571429
    },
    "Precision": {
      "0": 0.8424657534246576,
      "1": 0.8450704225352113,
      "2": 0.6428571428571429
    },
    "Recall": {
      "0": 0.9111111111111111,
      "1": 0.8888888888888888,
      "2": 1.0
    },
    "F1 Score": {
      "0": 0.8754448398576512,
      "1": 0.8664259927797834,
      "2": 0.782608695652174
    }
  },
  "detailed_metrics": {
    "dl": {
      "accuracy": 0.8333333333333334,
      "precision": 0.8424657534246576,
      "recall": 0.9111111111111111,
      "f1": 0.8754448398576512
    },
    "ml": {
      "accuracy": 0.8238095238095238,
      "precision": 0.8450704225352113,
      "recall": 0.8888888888888888,
      "f1": 0.8664259927797834
    },
    "mode": {
      "accuracy": 0.6428571428571429,
      "precision": 0.6428571428571429,
      "recall": 1.0,
      "f1": 0.782608695652174
    }
  },
  "error_analysis": {
    "dl": {
      "F_precision": 0.8424657534246576,
      "F_recall": 0.9111111111111111,
      "F_f1-score": 0.8754448398576512,
      "M_precision": 0.8125,
      "M_recall": 0.6933333333333334,
      "M_f1-score": 0.7482014388489209
    },
    "ml": {
      "F_precision": 0.8450704225352113,
      "F_recall": 0.8888888888888888,
      "F_f1-score": 0.8664259927797834,
      "M_precision": 0.7794117647058824,
      "M_recall": 0.7066666666666667,
      "M_f1-score": 0.7412587412587412
    },
    "mode": {
      "F_precision": 0.6428571428571429,
      "F_recall": 1.0,
      "F_f1-score": 0.782608695652174,
      "M_precision": 0.0,
      "M_recall": 0.0,
      "M_f1-score": 0.0
    }
  },
  "best_approach": "dl",
  "task_type": "classification"
}