{"round": 1, "loss": 1.6954554319381714, "accuracy": 0.17258882522583008}
{"round": 2, "loss": 1.6917519569396973, "accuracy": 0.17131979763507843}
{"round": 3, "loss": 1.6881682872772217, "accuracy": 0.17131979763507843}
{"round": 4, "loss": 1.6846953630447388, "accuracy": 0.17258882522583008}
{"round": 5, "loss": 1.681323528289795, "accuracy": 0.17258882522583008}
{"round": 6, "loss": 1.6780508756637573, "accuracy": 0.17258882522583008}
{"round": 7, "loss": 1.6748231649398804, "accuracy": 0.17258882522583008}
{"round": 8, "loss": 1.671664834022522, "accuracy": 0.17512691020965576}
{"round": 9, "loss": 1.6689262390136719, "accuracy": 0.17512691020965576}
{"round": 10, "loss": 1.6664925813674927, "accuracy": 0.1763959378004074}
{"round": 11, "loss": 1.6642255783081055, "accuracy": 0.17766498029232025}
{"round": 12, "loss": 1.6620692014694214, "accuracy": 0.1789340078830719}
{"round": 13, "loss": 1.6601873636245728, "accuracy": 0.17766498029232025}
{"round": 14, "loss": 1.658520221710205, "accuracy": 0.1814720779657364}
{"round": 15, "loss": 1.6569081544876099, "accuracy": 0.18020305037498474}
{"round": 16, "loss": 1.6553473472595215, "accuracy": 0.1814720779657364}
{"round": 17, "loss": 1.6538211107254028, "accuracy": 0.1814720779657364}
{"round": 18, "loss": 1.6523325443267822, "accuracy": 0.18401014804840088}
{"round": 19, "loss": 1.650904655456543, "accuracy": 0.1878172606229782}
{"round": 20, "loss": 1.649540662765503, "accuracy": 0.19162435829639435}
{"round": 21, "loss": 1.6482387781143188, "accuracy": 0.1928934007883072}
{"round": 22, "loss": 1.64701509475708, "accuracy": 0.1928934007883072}
{"round": 23, "loss": 1.6458728313446045, "accuracy": 0.1928934007883072}
{"round": 24, "loss": 1.6448363065719604, "accuracy": 0.20050761103630066}
{"round": 25, "loss": 1.6439199447631836, "accuracy": 0.20939086377620697}
{"round": 26, "loss": 1.6430968046188354, "accuracy": 0.21446700394153595}
{"round": 27, "loss": 1.642337441444397, "accuracy": 0.23477157950401306}
{"round": 28, "loss": 1.6416257619857788, "accuracy": 0.23984771966934204}
{"round": 29, "loss": 1.640937089920044, "accuracy": 0.2525380849838257}
{"round": 30, "loss": 1.640277624130249, "accuracy": 0.2639593780040741}
{"round": 31, "loss": 1.6396526098251343, "accuracy": 0.26522842049598694}
{"round": 32, "loss": 1.6390554904937744, "accuracy": 0.26269036531448364}
{"round": 33, "loss": 1.6384832859039307, "accuracy": 0.2842639684677124}
{"round": 34, "loss": 1.6379475593566895, "accuracy": 0.2791878283023834}
{"round": 35, "loss": 1.6374435424804688, "accuracy": 0.2956852912902832}
{"round": 36, "loss": 1.636975646018982, "accuracy": 0.3007614314556122}
{"round": 37, "loss": 1.636520504951477, "accuracy": 0.30837562680244446}
{"round": 38, "loss": 1.636078119277954, "accuracy": 0.31091371178627014}
{"round": 39, "loss": 1.635650396347046, "accuracy": 0.3147208094596863}
{"round": 40, "loss": 1.6352365016937256, "accuracy": 0.31725889444351196}
{"round": 41, "loss": 1.6348316669464111, "accuracy": 0.3159898519515991}
{"round": 42, "loss": 1.6344565153121948, "accuracy": 0.31345176696777344}
{"round": 43, "loss": 1.6341571807861328, "accuracy": 0.31345176696777344}
{"round": 44, "loss": 1.633878469467163, "accuracy": 0.31345176696777344}
{"round": 45, "loss": 1.6336188316345215, "accuracy": 0.31345176696777344}
{"round": 46, "loss": 1.6333799362182617, "accuracy": 0.31345176696777344}
{"round": 47, "loss": 1.6331597566604614, "accuracy": 0.31345176696777344}
{"round": 48, "loss": 1.6329535245895386, "accuracy": 0.31345176696777344}
{"round": 49, "loss": 1.6327674388885498, "accuracy": 0.31345176696777344}
{"round": 50, "loss": 1.63260817527771, "accuracy": 0.31345176696777344}
{"round": 51, "loss": 1.6324713230133057, "accuracy": 0.31345176696777344}
{"round": 52, "loss": 1.6323604583740234, "accuracy": 0.31345176696777344}
{"round": 53, "loss": 1.6322684288024902, "accuracy": 0.31345176696777344}
{"round": 54, "loss": 1.6321977376937866, "accuracy": 0.31345176696777344}
{"round": 55, "loss": 1.6321437358856201, "accuracy": 0.31345176696777344}
{"round": 56, "loss": 1.6320915222167969, "accuracy": 0.31345176696777344}
{"round": 57, "loss": 1.6320382356643677, "accuracy": 0.31345176696777344}
{"round": 58, "loss": 1.6319836378097534, "accuracy": 0.31345176696777344}
{"round": 59, "loss": 1.631927251815796, "accuracy": 0.31345176696777344}
{"round": 60, "loss": 1.6318693161010742, "accuracy": 0.31345176696777344}
{"round": 61, "loss": 1.6318107843399048, "accuracy": 0.31345176696777344}
{"round": 62, "loss": 1.6317516565322876, "accuracy": 0.31345176696777344}
{"round": 63, "loss": 1.6316930055618286, "accuracy": 0.31345176696777344}
{"round": 64, "loss": 1.631637692451477, "accuracy": 0.31345176696777344}
{"round": 65, "loss": 1.6315877437591553, "accuracy": 0.31345176696777344}
{"round": 66, "loss": 1.6315356492996216, "accuracy": 0.31345176696777344}
{"round": 67, "loss": 1.6314955949783325, "accuracy": 0.31345176696777344}
{"round": 68, "loss": 1.631468415260315, "accuracy": 0.31345176696777344}
{"round": 69, "loss": 1.6314479112625122, "accuracy": 0.31345176696777344}
{"round": 70, "loss": 1.6314187049865723, "accuracy": 0.31345176696777344}
{"round": 71, "loss": 1.631381630897522, "accuracy": 0.31345176696777344}
{"round": 72, "loss": 1.631337285041809, "accuracy": 0.31345176696777344}
{"round": 73, "loss": 1.6312884092330933, "accuracy": 0.31345176696777344}
{"round": 74, "loss": 1.6312414407730103, "accuracy": 0.31345176696777344}
{"round": 75, "loss": 1.6312037706375122, "accuracy": 0.31345176696777344}
{"round": 76, "loss": 1.6311849355697632, "accuracy": 0.31345176696777344}
{"round": 77, "loss": 1.6311602592468262, "accuracy": 0.31345176696777344}
{"round": 78, "loss": 1.6311304569244385, "accuracy": 0.31345176696777344}
{"round": 79, "loss": 1.6310957670211792, "accuracy": 0.31345176696777344}
{"round": 80, "loss": 1.6310573816299438, "accuracy": 0.31345176696777344}
{"round": 81, "loss": 1.6310293674468994, "accuracy": 0.31345176696777344}
{"round": 82, "loss": 1.6310616731643677, "accuracy": 0.31345176696777344}
{"round": 83, "loss": 1.6311111450195312, "accuracy": 0.31345176696777344}
{"round": 84, "loss": 1.6311277151107788, "accuracy": 0.31345176696777344}
{"round": 85, "loss": 1.6310844421386719, "accuracy": 0.31345176696777344}
{"round": 86, "loss": 1.6310126781463623, "accuracy": 0.31345176696777344}
{"round": 87, "loss": 1.6310231685638428, "accuracy": 0.31345176696777344}
{"round": 88, "loss": 1.6310312747955322, "accuracy": 0.31345176696777344}
{"round": 89, "loss": 1.6310445070266724, "accuracy": 0.31345176696777344}
{"round": 90, "loss": 1.6310522556304932, "accuracy": 0.31345176696777344}
{"round": 91, "loss": 1.631052017211914, "accuracy": 0.31345176696777344}
{"round": 92, "loss": 1.6310456991195679, "accuracy": 0.31345176696777344}
{"round": 93, "loss": 1.6310347318649292, "accuracy": 0.31345176696777344}
{"round": 94, "loss": 1.6310240030288696, "accuracy": 0.31345176696777344}
{"round": 95, "loss": 1.6310137510299683, "accuracy": 0.31345176696777344}
{"round": 96, "loss": 1.6309994459152222, "accuracy": 0.31345176696777344}
{"round": 97, "loss": 1.630995512008667, "accuracy": 0.31345176696777344}
{"round": 98, "loss": 1.630989909172058, "accuracy": 0.31345176696777344}
{"round": 99, "loss": 1.631003499031067, "accuracy": 0.31345176696777344}
{"round": 100, "loss": 1.6309711933135986, "accuracy": 0.31345176696777344}
