{"round": 1, "loss": 1.387515664100647, "accuracy": 0.569331169128418}
{"round": 2, "loss": 1.3875913619995117, "accuracy": 0.5676998496055603}
{"round": 3, "loss": 1.3870849609375, "accuracy": 0.569331169128418}
{"round": 4, "loss": 1.3871469497680664, "accuracy": 0.569331169128418}
{"round": 5, "loss": 1.3870984315872192, "accuracy": 0.5676998496055603}
{"round": 6, "loss": 1.3867065906524658, "accuracy": 0.5660685300827026}
{"round": 7, "loss": 1.387355923652649, "accuracy": 0.5660685300827026}
{"round": 8, "loss": 1.3867915868759155, "accuracy": 0.5660685300827026}
{"round": 9, "loss": 1.386642336845398, "accuracy": 0.5676998496055603}
{"round": 10, "loss": 1.3869025707244873, "accuracy": 0.554649293422699}
{"round": 11, "loss": 1.3864308595657349, "accuracy": 0.564437210559845}
{"round": 12, "loss": 1.3866831064224243, "accuracy": 0.5660685300827026}
{"round": 13, "loss": 1.3862367868423462, "accuracy": 0.5660685300827026}
{"round": 14, "loss": 1.3867943286895752, "accuracy": 0.5415986776351929}
{"round": 15, "loss": 1.3855520486831665, "accuracy": 0.5334420800209045}
{"round": 16, "loss": 1.3865692615509033, "accuracy": 0.5301794409751892}
{"round": 17, "loss": 1.3863017559051514, "accuracy": 0.5220228433609009}
{"round": 18, "loss": 1.3859727382659912, "accuracy": 0.5089722871780396}
{"round": 19, "loss": 1.386014699935913, "accuracy": 0.4877651035785675}
{"round": 20, "loss": 1.3858606815338135, "accuracy": 0.4845024347305298}
{"round": 21, "loss": 1.3854082822799683, "accuracy": 0.4649266004562378}
{"round": 22, "loss": 1.3858157396316528, "accuracy": 0.4518760144710541}
{"round": 23, "loss": 1.385253667831421, "accuracy": 0.4730831980705261}
{"round": 24, "loss": 1.3854153156280518, "accuracy": 0.42903751134872437}
{"round": 25, "loss": 1.3854670524597168, "accuracy": 0.42577487230300903}
{"round": 26, "loss": 1.3854774236679077, "accuracy": 0.42088091373443604}
{"round": 27, "loss": 1.384495496749878, "accuracy": 0.38662317395210266}
{"round": 28, "loss": 1.3844473361968994, "accuracy": 0.3719412684440613}
{"round": 29, "loss": 1.3852107524871826, "accuracy": 0.35399672389030457}
{"round": 30, "loss": 1.3850992918014526, "accuracy": 0.36867862939834595}
{"round": 31, "loss": 1.3853386640548706, "accuracy": 0.34420880675315857}
{"round": 32, "loss": 1.3846791982650757, "accuracy": 0.32626426219940186}
{"round": 33, "loss": 1.3848745822906494, "accuracy": 0.3246329426765442}
{"round": 34, "loss": 1.3844717741012573, "accuracy": 0.31647634506225586}
{"round": 35, "loss": 1.3846361637115479, "accuracy": 0.2626427412033081}
{"round": 36, "loss": 1.384397268295288, "accuracy": 0.2903752028942108}
{"round": 37, "loss": 1.3839867115020752, "accuracy": 0.2854812443256378}
{"round": 38, "loss": 1.3840564489364624, "accuracy": 0.2724306583404541}
{"round": 39, "loss": 1.384840488433838, "accuracy": 0.3017944395542145}
{"round": 40, "loss": 1.3839125633239746, "accuracy": 0.24306687712669373}
{"round": 41, "loss": 1.3843135833740234, "accuracy": 0.27406197786331177}
{"round": 42, "loss": 1.3837107419967651, "accuracy": 0.26427406072616577}
{"round": 43, "loss": 1.383017897605896, "accuracy": 0.29853180050849915}
{"round": 44, "loss": 1.3835433721542358, "accuracy": 0.30342578887939453}
{"round": 45, "loss": 1.38385808467865, "accuracy": 0.29363784193992615}
{"round": 46, "loss": 1.3832366466522217, "accuracy": 0.27406197786331177}
{"round": 47, "loss": 1.3833492994308472, "accuracy": 0.2822186052799225}
{"round": 48, "loss": 1.3834428787231445, "accuracy": 0.2871125638484955}
{"round": 49, "loss": 1.3824269771575928, "accuracy": 0.2903752028942108}
{"round": 50, "loss": 1.3821066617965698, "accuracy": 0.2854812443256378}
{"round": 51, "loss": 1.3828425407409668, "accuracy": 0.2920065224170685}
{"round": 52, "loss": 1.3824036121368408, "accuracy": 0.2903752028942108}
{"round": 53, "loss": 1.3820914030075073, "accuracy": 0.2675366997718811}
{"round": 54, "loss": 1.381699800491333, "accuracy": 0.2577487826347351}
{"round": 55, "loss": 1.38132643699646, "accuracy": 0.2805872857570648}
{"round": 56, "loss": 1.3823246955871582, "accuracy": 0.24469821155071259}
{"round": 57, "loss": 1.3817788362503052, "accuracy": 0.26101142168045044}
{"round": 58, "loss": 1.3821872472763062, "accuracy": 0.2854812443256378}
{"round": 59, "loss": 1.3815902471542358, "accuracy": 0.2952691614627838}
{"round": 60, "loss": 1.379908561706543, "accuracy": 0.30668842792510986}
{"round": 61, "loss": 1.3820195198059082, "accuracy": 0.28384992480278015}
{"round": 62, "loss": 1.380597710609436, "accuracy": 0.26427406072616577}
{"round": 63, "loss": 1.3816184997558594, "accuracy": 0.3099510669708252}
{"round": 64, "loss": 1.381676435470581, "accuracy": 0.29363784193992615}
{"round": 65, "loss": 1.3815948963165283, "accuracy": 0.27079933881759644}
{"round": 66, "loss": 1.3817589282989502, "accuracy": 0.2675366997718811}
{"round": 67, "loss": 1.3820202350616455, "accuracy": 0.31158238649368286}
{"round": 68, "loss": 1.381424069404602, "accuracy": 0.2822186052799225}
{"round": 69, "loss": 1.3813272714614868, "accuracy": 0.28384992480278015}
{"round": 70, "loss": 1.3806095123291016, "accuracy": 0.2952691614627838}
{"round": 71, "loss": 1.3810592889785767, "accuracy": 0.2952691614627838}
{"round": 72, "loss": 1.3814504146575928, "accuracy": 0.30342578887939453}
{"round": 73, "loss": 1.3804404735565186, "accuracy": 0.3376835286617279}
{"round": 74, "loss": 1.3792221546173096, "accuracy": 0.3050571084022522}
{"round": 75, "loss": 1.380196452140808, "accuracy": 0.2773246467113495}
{"round": 76, "loss": 1.380828619003296, "accuracy": 0.2952691614627838}
{"round": 77, "loss": 1.3810982704162598, "accuracy": 0.2969004809856415}
{"round": 78, "loss": 1.380622148513794, "accuracy": 0.30831974744796753}
{"round": 79, "loss": 1.3804377317428589, "accuracy": 0.26916801929473877}
{"round": 80, "loss": 1.3810234069824219, "accuracy": 0.28384992480278015}
{"round": 81, "loss": 1.379520297050476, "accuracy": 0.2773246467113495}
{"round": 82, "loss": 1.3789499998092651, "accuracy": 0.29853180050849915}
{"round": 83, "loss": 1.3793965578079224, "accuracy": 0.3001631200313568}
{"round": 84, "loss": 1.3795922994613647, "accuracy": 0.28384992480278015}
{"round": 85, "loss": 1.3774547576904297, "accuracy": 0.2822186052799225}
{"round": 86, "loss": 1.37851881980896, "accuracy": 0.2969004809856415}
{"round": 87, "loss": 1.379294753074646, "accuracy": 0.3278955817222595}
{"round": 88, "loss": 1.3782849311828613, "accuracy": 0.2805872857570648}
{"round": 89, "loss": 1.3792341947555542, "accuracy": 0.2822186052799225}
{"round": 90, "loss": 1.3793885707855225, "accuracy": 0.27569329738616943}
{"round": 91, "loss": 1.3797047138214111, "accuracy": 0.31158238649368286}
{"round": 92, "loss": 1.3787754774093628, "accuracy": 0.2871125638484955}
{"round": 93, "loss": 1.3791251182556152, "accuracy": 0.2544861435890198}
{"round": 94, "loss": 1.3774704933166504, "accuracy": 0.2822186052799225}
{"round": 95, "loss": 1.37962806224823, "accuracy": 0.29363784193992615}
{"round": 96, "loss": 1.3777449131011963, "accuracy": 0.2805872857570648}
{"round": 97, "loss": 1.3759260177612305, "accuracy": 0.27895596623420715}
{"round": 98, "loss": 1.3787132501602173, "accuracy": 0.28384992480278015}
{"round": 99, "loss": 1.3769376277923584, "accuracy": 0.29853180050849915}
{"round": 100, "loss": 1.3786998987197876, "accuracy": 0.2805872857570648}
