{"round": 1, "loss": 1.5564827919006348, "accuracy": 0.38832488656044006}
{"round": 2, "loss": 1.5551307201385498, "accuracy": 0.38451775908470154}
{"round": 3, "loss": 1.5538405179977417, "accuracy": 0.38451775908470154}
{"round": 4, "loss": 1.5526103973388672, "accuracy": 0.3781725764274597}
{"round": 5, "loss": 1.5514377355575562, "accuracy": 0.37055838108062744}
{"round": 6, "loss": 1.550299048423767, "accuracy": 0.3743654787540436}
{"round": 7, "loss": 1.5491842031478882, "accuracy": 0.36802029609680176}
{"round": 8, "loss": 1.5480828285217285, "accuracy": 0.37055838108062744}
{"round": 9, "loss": 1.5469900369644165, "accuracy": 0.37309643626213074}
{"round": 10, "loss": 1.545902132987976, "accuracy": 0.3807106614112854}
{"round": 11, "loss": 1.5448061227798462, "accuracy": 0.38197970390319824}
{"round": 12, "loss": 1.5437206029891968, "accuracy": 0.3667512834072113}
{"round": 13, "loss": 1.5426523685455322, "accuracy": 0.3578680157661438}
{"round": 14, "loss": 1.5416134595870972, "accuracy": 0.3324873149394989}
{"round": 15, "loss": 1.5406067371368408, "accuracy": 0.30837562680244446}
{"round": 16, "loss": 1.53962242603302, "accuracy": 0.29949238896369934}
{"round": 17, "loss": 1.5386587381362915, "accuracy": 0.2906091511249542}
{"round": 18, "loss": 1.5377111434936523, "accuracy": 0.2842639684677124}
{"round": 19, "loss": 1.5367811918258667, "accuracy": 0.2804568409919739}
{"round": 20, "loss": 1.5358699560165405, "accuracy": 0.2753807008266449}
{"round": 21, "loss": 1.534980297088623, "accuracy": 0.2703045606613159}
{"round": 22, "loss": 1.5341129302978516, "accuracy": 0.2614213228225708}
{"round": 23, "loss": 1.5332645177841187, "accuracy": 0.2614213228225708}
{"round": 24, "loss": 1.5324385166168213, "accuracy": 0.26015228033065796}
{"round": 25, "loss": 1.5316333770751953, "accuracy": 0.2588832378387451}
{"round": 26, "loss": 1.5308489799499512, "accuracy": 0.2588832378387451}
{"round": 27, "loss": 1.5300824642181396, "accuracy": 0.255076140165329}
{"round": 28, "loss": 1.5293350219726562, "accuracy": 0.2563451826572418}
{"round": 29, "loss": 1.528608798980713, "accuracy": 0.2563451826572418}
{"round": 30, "loss": 1.5279005765914917, "accuracy": 0.2563451826572418}
