{
  "metrics": {
    "Approach": {
      "1": "ml",
      "0": "dl",
      "4": "avg_predictions",
      "3": "agg_median",
      "2": "agg_mean"
    },
    "RMSE": {
      "1": 3.55486894621309,
      "0": 3.5959794818499025,
      "4": 3.723927137487404,
      "3": 3.940914065050497,
      "2": 3.946925969371741
    },
    "MAE": {
      "1": 2.8720489832071157,
      "0": 2.9106319775948157,
      "4": 3.0442026734477974,
      "3": 3.239280296269855,
      "2": 3.235994217500337
    },
    "MAPE (%)": {
      "1": "15.30",
      "0": "15.55",
      "4": "16.32",
      "3": "17.56",
      "2": "17.25"
    },
    "R\u00b2": {
      "1": 0.18578064053292642,
      "0": 0.1668395516112613,
      "4": 0.10649582758889897,
      "3": -0.0006637436125829232,
      "2": -0.003719117690320184
    },
    "Explained Variance": {
      "1": 0.187516176939736,
      "0": 0.16841495758291725,
      "4": 0.10734514923547567,
      "3": 0.0,
      "2": 1.1102230246251565e-16
    },
    "Mean Error": {
      "1": 0.1641231133387639,
      "0": 0.15636844818408674,
      "4": 0.11481244855516994,
      "3": -0.10149696591112131,
      "2": 0.24025522611878303
    },
    "Error Std": {
      "1": 3.5510782627841584,
      "0": 3.5925780913291216,
      "4": 3.7221568246074606,
      "3": 3.939606837493263,
      "2": 3.9396068374932627
    },
    "Correlation": {
      "1": 0.4703083681122149,
      "0": 0.46731684038499305,
      "4": 0.4762465174172162,
      "3": NaN,
      "2": NaN
    }
  },
  "detailed_metrics": {
    "dl": {
      "rmse": 3.5959794818499025,
      "mae": 2.9106319775948157,
      "mape": 15.54635915325677,
      "r2": 0.1668395516112613,
      "exp_var": 0.16841495758291725,
      "mean_error": 0.15636844818408674,
      "std_error": 3.5925780913291216,
      "correlation": 0.46731684038499305
    },
    "ml": {
      "rmse": 3.55486894621309,
      "mae": 2.8720489832071157,
      "mape": 15.301918881887982,
      "r2": 0.18578064053292642,
      "exp_var": 0.187516176939736,
      "mean_error": 0.1641231133387639,
      "std_error": 3.5510782627841584,
      "correlation": 0.4703083681122149
    },
    "agg_mean": {
      "rmse": 3.946925969371741,
      "mae": 3.235994217500337,
      "mape": 17.254282326829586,
      "r2": -0.003719117690320184,
      "exp_var": 1.1102230246251565e-16,
      "mean_error": 0.24025522611878303,
      "std_error": 3.9396068374932627,
      "correlation": NaN
    },
    "agg_median": {
      "rmse": 3.940914065050497,
      "mae": 3.239280296269855,
      "mape": 17.564873200266888,
      "r2": -0.0006637436125829232,
      "exp_var": 0.0,
      "mean_error": -0.10149696591112131,
      "std_error": 3.939606837493263,
      "correlation": NaN
    },
    "avg_predictions": {
      "rmse": 3.723927137487404,
      "mae": 3.0442026734477974,
      "mape": 16.316518118088005,
      "r2": 0.10649582758889897,
      "exp_var": 0.10734514923547567,
      "mean_error": 0.11481244855516994,
      "std_error": 3.7221568246074606,
      "correlation": 0.4762465174172162
    }
  },
  "error_analysis": {
    "< 5%": {
      "dl": 17.78846153846154,
      "ml": 19.230769230769234,
      "agg_mean": 16.826923076923077,
      "agg_median": 16.826923076923077,
      "avg_predictions": 17.78846153846154
    },
    "5-10%": {
      "dl": 25.0,
      "ml": 25.0,
      "agg_mean": 20.192307692307693,
      "agg_median": 20.192307692307693,
      "avg_predictions": 24.03846153846154
    },
    "10-20%": {
      "dl": 30.288461538461537,
      "ml": 29.807692307692307,
      "agg_mean": 34.61538461538461,
      "agg_median": 34.61538461538461,
      "avg_predictions": 28.846153846153843
    },
    "> 20%": {
      "dl": 26.923076923076923,
      "ml": 25.961538461538463,
      "agg_mean": 28.365384615384613,
      "agg_median": 28.365384615384613,
      "avg_predictions": 29.326923076923077
    }
  },
  "best_approach": "ml",
  "task_type": "regression"
}