{
  "metrics": {
    "Approach": {
      "1": "ml",
      "0": "dl",
      "4": "avg_predictions",
      "3": "agg_median",
      "2": "agg_mean"
    },
    "RMSE": {
      "1": 6.359994946717341,
      "0": 6.398512513550652,
      "4": 6.497611633613674,
      "3": 6.6278214407820855,
      "2": 6.662235447309327
    },
    "MAE": {
      "1": 4.844659534801137,
      "0": 4.858688902421431,
      "4": 4.927495432838171,
      "3": 5.031929343688137,
      "2": 5.0247196001383045
    },
    "MAPE (%)": {
      "1": "25.33",
      "0": "25.22",
      "4": "25.43",
      "3": "25.98",
      "2": "25.44"
    },
    "R\u00b2": {
      "1": 0.07617416056872084,
      "0": 0.0649504804425578,
      "4": 0.03576239776938317,
      "3": -0.003270779304586968,
      "2": -0.013716505571043314
    },
    "Explained Variance": {
      "1": 0.07667701515261471,
      "0": 0.06652298194209061,
      "4": 0.03925483595917656,
      "3": 0.0,
      "2": 0.0
    },
    "Mean Error": {
      "1": 0.14838258223100143,
      "0": 0.2623960252241655,
      "4": 0.3910444101927043,
      "3": 0.3784315516978836,
      "2": 0.7749674469386931
    },
    "Error Std": {
      "1": 6.358263782791696,
      "0": 6.393129962077326,
      "4": 6.485833887059457,
      "3": 6.617008887070521,
      "2": 6.617008887070521
    },
    "Correlation": {
      "1": 0.3754797538028639,
      "0": 0.36122161128106517,
      "4": 0.3756079875883453,
      "3": NaN,
      "2": NaN
    }
  },
  "detailed_metrics": {
    "dl": {
      "rmse": 6.398512513550652,
      "mae": 4.858688902421431,
      "mape": 25.21627178184455,
      "r2": 0.0649504804425578,
      "exp_var": 0.06652298194209061,
      "mean_error": 0.2623960252241655,
      "std_error": 6.393129962077326,
      "correlation": 0.36122161128106517
    },
    "ml": {
      "rmse": 6.359994946717341,
      "mae": 4.844659534801137,
      "mape": 25.33363162071437,
      "r2": 0.07617416056872084,
      "exp_var": 0.07667701515261471,
      "mean_error": 0.14838258223100143,
      "std_error": 6.358263782791696,
      "correlation": 0.3754797538028639
    },
    "agg_mean": {
      "rmse": 6.662235447309327,
      "mae": 5.0247196001383045,
      "mape": 25.444700445452327,
      "r2": -0.013716505571043314,
      "exp_var": 0.0,
      "mean_error": 0.7749674469386931,
      "std_error": 6.617008887070521,
      "correlation": NaN
    },
    "agg_median": {
      "rmse": 6.6278214407820855,
      "mae": 5.031929343688137,
      "mape": 25.980957276878847,
      "r2": -0.003270779304586968,
      "exp_var": 0.0,
      "mean_error": 0.3784315516978836,
      "std_error": 6.617008887070521,
      "correlation": NaN
    },
    "avg_predictions": {
      "rmse": 6.497611633613674,
      "mae": 4.927495432838171,
      "mape": 25.433728236016602,
      "r2": 0.03576239776938317,
      "exp_var": 0.03925483595917656,
      "mean_error": 0.3910444101927043,
      "std_error": 6.485833887059457,
      "correlation": 0.3756079875883453
    }
  },
  "error_analysis": {
    "< 5%": {
      "dl": 13.090909090909092,
      "ml": 13.818181818181818,
      "agg_mean": 12.0,
      "agg_median": 12.0,
      "avg_predictions": 12.0
    },
    "5-10%": {
      "dl": 14.545454545454545,
      "ml": 14.909090909090908,
      "agg_mean": 15.272727272727273,
      "agg_median": 15.272727272727273,
      "avg_predictions": 17.09090909090909
    },
    "10-20%": {
      "dl": 22.90909090909091,
      "ml": 21.454545454545453,
      "agg_mean": 24.363636363636363,
      "agg_median": 21.454545454545453,
      "avg_predictions": 21.454545454545453
    },
    "> 20%": {
      "dl": 49.45454545454545,
      "ml": 49.81818181818182,
      "agg_mean": 48.36363636363637,
      "agg_median": 51.272727272727266,
      "avg_predictions": 49.45454545454545
    }
  },
  "best_approach": "ml",
  "task_type": "regression"
}