{"round": 1, "MSE": 1.0456078052520752}
{"round": 2, "MSE": 1.0446113348007202}
{"round": 3, "MSE": 1.0436420440673828}
{"round": 4, "MSE": 1.0428268909454346}
{"round": 5, "MSE": 1.0420259237289429}
{"round": 6, "MSE": 1.0414328575134277}
{"round": 7, "MSE": 1.040878415107727}
{"round": 8, "MSE": 1.0403038263320923}
{"round": 9, "MSE": 1.039805293083191}
{"round": 10, "MSE": 1.039340853691101}
{"round": 11, "MSE": 1.0388991832733154}
{"round": 12, "MSE": 1.0384849309921265}
{"round": 13, "MSE": 1.038081169128418}
{"round": 14, "MSE": 1.037685751914978}
{"round": 15, "MSE": 1.037311315536499}
{"round": 16, "MSE": 1.036933422088623}
{"round": 17, "MSE": 1.0365571975708008}
{"round": 18, "MSE": 1.0361764430999756}
{"round": 19, "MSE": 1.035791039466858}
{"round": 20, "MSE": 1.0354281663894653}
{"round": 21, "MSE": 1.0350733995437622}
{"round": 22, "MSE": 1.034680724143982}
{"round": 23, "MSE": 1.0343037843704224}
{"round": 24, "MSE": 1.0339267253875732}
{"round": 25, "MSE": 1.03354811668396}
{"round": 26, "MSE": 1.033225417137146}
{"round": 27, "MSE": 1.032942295074463}
{"round": 28, "MSE": 1.0326764583587646}
{"round": 29, "MSE": 1.0324212312698364}
{"round": 30, "MSE": 1.0321698188781738}
