{"round": 1, "MSE": 1.0551035404205322}
{"round": 2, "MSE": 1.0544873476028442}
{"round": 3, "MSE": 1.0538843870162964}
{"round": 4, "MSE": 1.0533199310302734}
{"round": 5, "MSE": 1.0527534484863281}
{"round": 6, "MSE": 1.0521899461746216}
{"round": 7, "MSE": 1.0516819953918457}
{"round": 8, "MSE": 1.0511817932128906}
{"round": 9, "MSE": 1.0506781339645386}
{"round": 10, "MSE": 1.0501741170883179}
{"round": 11, "MSE": 1.049676537513733}
{"round": 12, "MSE": 1.0491929054260254}
{"round": 13, "MSE": 1.0487303733825684}
{"round": 14, "MSE": 1.048275351524353}
{"round": 15, "MSE": 1.0478355884552002}
{"round": 16, "MSE": 1.047406792640686}
{"round": 17, "MSE": 1.0469913482666016}
{"round": 18, "MSE": 1.0465670824050903}
{"round": 19, "MSE": 1.0461636781692505}
{"round": 20, "MSE": 1.0457683801651}
{"round": 21, "MSE": 1.045375943183899}
{"round": 22, "MSE": 1.0449821949005127}
{"round": 23, "MSE": 1.0445935726165771}
{"round": 24, "MSE": 1.0442144870758057}
{"round": 25, "MSE": 1.0438597202301025}
{"round": 26, "MSE": 1.0435168743133545}
{"round": 27, "MSE": 1.0431835651397705}
{"round": 28, "MSE": 1.0428600311279297}
{"round": 29, "MSE": 1.0425541400909424}
{"round": 30, "MSE": 1.0422570705413818}
