{"round": 1, "MSE": 1.0939865112304688}
{"round": 2, "MSE": 1.0926432609558105}
{"round": 3, "MSE": 1.091354489326477}
{"round": 4, "MSE": 1.0901001691818237}
{"round": 5, "MSE": 1.0888671875}
{"round": 6, "MSE": 1.0876585245132446}
{"round": 7, "MSE": 1.0864577293395996}
{"round": 8, "MSE": 1.0852861404418945}
{"round": 9, "MSE": 1.0841425657272339}
{"round": 10, "MSE": 1.083042025566101}
