{"round": 1, "MSE": 0.9231524467468262}
{"round": 2, "MSE": 0.9230499863624573}
{"round": 3, "MSE": 0.9229416847229004}
{"round": 4, "MSE": 0.9228297472000122}
{"round": 5, "MSE": 0.9227161407470703}
{"round": 6, "MSE": 0.922601044178009}
{"round": 7, "MSE": 0.9224848747253418}
{"round": 8, "MSE": 0.9223670363426208}
{"round": 9, "MSE": 0.9222469925880432}
{"round": 10, "MSE": 0.9221231937408447}
{"round": 11, "MSE": 0.9219992756843567}
{"round": 12, "MSE": 0.9218775629997253}
{"round": 13, "MSE": 0.9217487573623657}
{"round": 14, "MSE": 0.9216150045394897}
{"round": 15, "MSE": 0.9214752316474915}
{"round": 16, "MSE": 0.921330988407135}
{"round": 17, "MSE": 0.9211780428886414}
{"round": 18, "MSE": 0.9210199117660522}
{"round": 19, "MSE": 0.9208564162254333}
{"round": 20, "MSE": 0.9206879734992981}
{"round": 21, "MSE": 0.9205085039138794}
{"round": 22, "MSE": 0.9203213453292847}
{"round": 23, "MSE": 0.9201290011405945}
{"round": 24, "MSE": 0.9199343919754028}
{"round": 25, "MSE": 0.9197366833686829}
{"round": 26, "MSE": 0.9195370674133301}
{"round": 27, "MSE": 0.9193316102027893}
{"round": 28, "MSE": 0.9191179871559143}
{"round": 29, "MSE": 0.9189072847366333}
{"round": 30, "MSE": 0.9186916947364807}
