{
  "round": 1,
  "Aggregated mean/median": [
    21.016480844309964,
    19.749242089799537
  ]
}