{
  "round": 1,
  "Aggregated mean/median": [
    20.043398620035063,
    20.385150812064968
  ]
}