{"round": 1, "Global_MSE": 4.389065265655518}
{"round": 2, "Global_MSE": 4.287240028381348}
{"round": 3, "Global_MSE": 4.188999176025391}
{"round": 4, "Global_MSE": 4.094211101531982}
{"round": 5, "Global_MSE": 4.002749919891357}
{"round": 6, "Global_MSE": 3.9144935607910156}
{"round": 7, "Global_MSE": 3.829324245452881}
{"round": 8, "Global_MSE": 3.74713134765625}
{"round": 9, "Global_MSE": 3.667804479598999}
{"round": 10, "Global_MSE": 3.5912396907806396}
{"round": 11, "Global_MSE": 3.51733660697937}
{"round": 12, "Global_MSE": 3.445998430252075}
{"round": 13, "Global_MSE": 3.377131223678589}
{"round": 14, "Global_MSE": 3.310645580291748}
{"round": 15, "Global_MSE": 3.2464540004730225}
{"round": 16, "Global_MSE": 3.1844747066497803}
{"round": 17, "Global_MSE": 3.124626874923706}
{"round": 18, "Global_MSE": 3.0668325424194336}
{"round": 19, "Global_MSE": 3.011018753051758}
{"round": 20, "Global_MSE": 2.9571115970611572}
{"round": 21, "Global_MSE": 2.9050440788269043}
{"round": 22, "Global_MSE": 2.8547492027282715}
{"round": 23, "Global_MSE": 2.8061625957489014}
{"round": 24, "Global_MSE": 2.7592225074768066}
{"round": 25, "Global_MSE": 2.713869571685791}
{"round": 26, "Global_MSE": 2.6700470447540283}
{"round": 27, "Global_MSE": 2.627700090408325}
{"round": 28, "Global_MSE": 2.5867745876312256}
{"round": 29, "Global_MSE": 2.547220468521118}
{"round": 30, "Global_MSE": 2.5089879035949707}
