{"round": 1, "Global_MSE": 4.927034854888916}
{"round": 2, "Global_MSE": 4.769235134124756}
{"round": 3, "Global_MSE": 4.617774963378906}
{"round": 4, "Global_MSE": 4.4723992347717285}
{"round": 5, "Global_MSE": 4.3328657150268555}
{"round": 6, "Global_MSE": 4.19893741607666}
{"round": 7, "Global_MSE": 4.070389747619629}
{"round": 8, "Global_MSE": 3.947006940841675}
{"round": 9, "Global_MSE": 3.828580617904663}
{"round": 10, "Global_MSE": 3.7149124145507812}
{"round": 11, "Global_MSE": 3.6058106422424316}
{"round": 12, "Global_MSE": 3.501091480255127}
{"round": 13, "Global_MSE": 3.4005799293518066}
{"round": 14, "Global_MSE": 3.3041062355041504}
{"round": 15, "Global_MSE": 3.21150803565979}
{"round": 16, "Global_MSE": 3.1226296424865723}
{"round": 17, "Global_MSE": 3.0373215675354004}
{"round": 18, "Global_MSE": 2.9554405212402344}
{"round": 19, "Global_MSE": 2.8768486976623535}
{"round": 20, "Global_MSE": 2.8014142513275146}
{"round": 21, "Global_MSE": 2.7290093898773193}
{"round": 22, "Global_MSE": 2.6595137119293213}
{"round": 23, "Global_MSE": 2.5928096771240234}
{"round": 24, "Global_MSE": 2.52878475189209}
{"round": 25, "Global_MSE": 2.467331647872925}
{"round": 26, "Global_MSE": 2.4083476066589355}
{"round": 27, "Global_MSE": 2.351732015609741}
{"round": 28, "Global_MSE": 2.297390937805176}
{"round": 29, "Global_MSE": 2.245232582092285}
{"round": 30, "Global_MSE": 2.19516921043396}
{"round": 31, "Global_MSE": 2.1471166610717773}
{"round": 32, "Global_MSE": 2.100994348526001}
{"round": 33, "Global_MSE": 2.0567245483398438}
{"round": 34, "Global_MSE": 2.014233112335205}
{"round": 35, "Global_MSE": 1.9734479188919067}
{"round": 36, "Global_MSE": 1.9343008995056152}
{"round": 37, "Global_MSE": 1.8967262506484985}
{"round": 38, "Global_MSE": 1.8606610298156738}
{"round": 39, "Global_MSE": 1.826043963432312}
{"round": 40, "Global_MSE": 1.7928169965744019}
{"round": 41, "Global_MSE": 1.7609251737594604}
{"round": 42, "Global_MSE": 1.7303135395050049}
{"round": 43, "Global_MSE": 1.7009317874908447}
{"round": 44, "Global_MSE": 1.672729730606079}
{"round": 45, "Global_MSE": 1.6456605195999146}
{"round": 46, "Global_MSE": 1.6196781396865845}
{"round": 47, "Global_MSE": 1.5947394371032715}
{"round": 48, "Global_MSE": 1.5708022117614746}
{"round": 49, "Global_MSE": 1.5478261709213257}
{"round": 50, "Global_MSE": 1.5257731676101685}
{"round": 51, "Global_MSE": 1.5046054124832153}
{"round": 52, "Global_MSE": 1.4842877388000488}
{"round": 53, "Global_MSE": 1.464786171913147}
{"round": 54, "Global_MSE": 1.446067452430725}
{"round": 55, "Global_MSE": 1.428100824356079}
{"round": 56, "Global_MSE": 1.4108552932739258}
{"round": 57, "Global_MSE": 1.394302487373352}
{"round": 58, "Global_MSE": 1.378414511680603}
{"round": 59, "Global_MSE": 1.3631641864776611}
{"round": 60, "Global_MSE": 1.3485263586044312}
{"round": 61, "Global_MSE": 1.334476351737976}
{"round": 62, "Global_MSE": 1.3209904432296753}
{"round": 63, "Global_MSE": 1.3080461025238037}
{"round": 64, "Global_MSE": 1.2956212759017944}
{"round": 65, "Global_MSE": 1.2836955785751343}
{"round": 66, "Global_MSE": 1.2722487449645996}
{"round": 67, "Global_MSE": 1.2612614631652832}
{"round": 68, "Global_MSE": 1.2507153749465942}
{"round": 69, "Global_MSE": 1.2405927181243896}
{"round": 70, "Global_MSE": 1.2308764457702637}
{"round": 71, "Global_MSE": 1.2215502262115479}
{"round": 72, "Global_MSE": 1.212598443031311}
{"round": 73, "Global_MSE": 1.2040061950683594}
{"round": 74, "Global_MSE": 1.1957588195800781}
{"round": 75, "Global_MSE": 1.1878427267074585}
{"round": 76, "Global_MSE": 1.1802442073822021}
{"round": 77, "Global_MSE": 1.1729507446289062}
{"round": 78, "Global_MSE": 1.1659502983093262}
{"round": 79, "Global_MSE": 1.1592307090759277}
{"round": 80, "Global_MSE": 1.1527811288833618}
{"round": 81, "Global_MSE": 1.146590232849121}
{"round": 82, "Global_MSE": 1.1406478881835938}
{"round": 83, "Global_MSE": 1.134944200515747}
{"round": 84, "Global_MSE": 1.129469394683838}
{"round": 85, "Global_MSE": 1.1242146492004395}
{"round": 86, "Global_MSE": 1.1191704273223877}
{"round": 87, "Global_MSE": 1.1143288612365723}
{"round": 88, "Global_MSE": 1.1096817255020142}
{"round": 89, "Global_MSE": 1.105221152305603}
{"round": 90, "Global_MSE": 1.1009396314620972}
{"round": 91, "Global_MSE": 1.096829891204834}
{"round": 92, "Global_MSE": 1.092885136604309}
{"round": 93, "Global_MSE": 1.0890986919403076}
{"round": 94, "Global_MSE": 1.085464358329773}
{"round": 95, "Global_MSE": 1.0819756984710693}
{"round": 96, "Global_MSE": 1.078627347946167}
{"round": 97, "Global_MSE": 1.0754133462905884}
{"round": 98, "Global_MSE": 1.0723282098770142}
{"round": 99, "Global_MSE": 1.0693668127059937}
{"round": 100, "Global_MSE": 1.0665245056152344}
{"round": 101, "Global_MSE": 1.0637962818145752}
{"round": 102, "Global_MSE": 1.0611774921417236}
{"round": 103, "Global_MSE": 1.0586637258529663}
{"round": 104, "Global_MSE": 1.0562509298324585}
{"round": 105, "Global_MSE": 1.053934931755066}
{"round": 106, "Global_MSE": 1.051711916923523}
{"round": 107, "Global_MSE": 1.0495781898498535}
{"round": 108, "Global_MSE": 1.047529935836792}
{"round": 109, "Global_MSE": 1.04556405544281}
{"round": 110, "Global_MSE": 1.0436769723892212}
{"round": 111, "Global_MSE": 1.041865587234497}
{"round": 112, "Global_MSE": 1.0401270389556885}
{"round": 113, "Global_MSE": 1.038458228111267}
{"round": 114, "Global_MSE": 1.0368561744689941}
{"round": 115, "Global_MSE": 1.0353187322616577}
{"round": 116, "Global_MSE": 1.0338428020477295}
{"round": 117, "Global_MSE": 1.0324259996414185}
{"round": 118, "Global_MSE": 1.0310661792755127}
{"round": 119, "Global_MSE": 1.0297610759735107}
{"round": 120, "Global_MSE": 1.028508186340332}
{"round": 121, "Global_MSE": 1.0273056030273438}
{"round": 122, "Global_MSE": 1.026151180267334}
{"round": 123, "Global_MSE": 1.0250431299209595}
{"round": 124, "Global_MSE": 1.023979663848877}
{"round": 125, "Global_MSE": 1.022958755493164}
{"round": 126, "Global_MSE": 1.0219788551330566}
{"round": 127, "Global_MSE": 1.021038293838501}
{"round": 128, "Global_MSE": 1.0201354026794434}
{"round": 129, "Global_MSE": 1.0192688703536987}
{"round": 130, "Global_MSE": 1.0184369087219238}
{"round": 131, "Global_MSE": 1.0176384449005127}
{"round": 132, "Global_MSE": 1.0168719291687012}
{"round": 133, "Global_MSE": 1.0161362886428833}
{"round": 134, "Global_MSE": 1.0154300928115845}
{"round": 135, "Global_MSE": 1.0147523880004883}
{"round": 136, "Global_MSE": 1.0141016244888306}
{"round": 137, "Global_MSE": 1.0134772062301636}
{"round": 138, "Global_MSE": 1.0128775835037231}
{"round": 139, "Global_MSE": 1.012302279472351}
{"round": 140, "Global_MSE": 1.0117499828338623}
{"round": 141, "Global_MSE": 1.0112197399139404}
{"round": 142, "Global_MSE": 1.0107108354568481}
{"round": 143, "Global_MSE": 1.010222315788269}
{"round": 144, "Global_MSE": 1.0097534656524658}
{"round": 145, "Global_MSE": 1.009303331375122}
{"round": 146, "Global_MSE": 1.00887131690979}
{"round": 147, "Global_MSE": 1.0084565877914429}
{"round": 148, "Global_MSE": 1.0080585479736328}
{"round": 149, "Global_MSE": 1.007676362991333}
{"round": 150, "Global_MSE": 1.0073096752166748}
{"round": 151, "Global_MSE": 1.0069575309753418}
{"round": 152, "Global_MSE": 1.0066196918487549}
{"round": 153, "Global_MSE": 1.0062953233718872}
{"round": 154, "Global_MSE": 1.005983829498291}
{"round": 155, "Global_MSE": 1.0056849718093872}
{"round": 156, "Global_MSE": 1.005398154258728}
{"round": 157, "Global_MSE": 1.0051229000091553}
{"round": 158, "Global_MSE": 1.0048584938049316}
{"round": 159, "Global_MSE": 1.0046048164367676}
{"round": 160, "Global_MSE": 1.0043612718582153}
{"round": 161, "Global_MSE": 1.0041273832321167}
{"round": 162, "Global_MSE": 1.0039030313491821}
{"round": 163, "Global_MSE": 1.0036875009536743}
{"round": 164, "Global_MSE": 1.0034807920455933}
{"round": 165, "Global_MSE": 1.0032824277877808}
{"round": 166, "Global_MSE": 1.0030919313430786}
{"round": 167,