{"round": 1, "Global_MSE": 2.354083299636841}
{"round": 2, "Global_MSE": 2.3015153408050537}
{"round": 3, "Global_MSE": 2.2509853839874268}
{"round": 4, "Global_MSE": 2.2024154663085938}
{"round": 5, "Global_MSE": 2.155729055404663}
{"round": 6, "Global_MSE": 2.1108531951904297}
{"round": 7, "Global_MSE": 2.0677173137664795}
{"round": 8, "Global_MSE": 2.026254892349243}
{"round": 9, "Global_MSE": 1.9864002466201782}
{"round": 10, "Global_MSE": 1.9480907917022705}
{"round": 11, "Global_MSE": 1.9112672805786133}
{"round": 12, "Global_MSE": 1.8758721351623535}
{"round": 13, "Global_MSE": 1.8418487310409546}
{"round": 14, "Global_MSE": 1.8091455698013306}
{"round": 15, "Global_MSE": 1.7777103185653687}
{"round": 16, "Global_MSE": 1.7474943399429321}
{"round": 17, "Global_MSE": 1.7184500694274902}
{"round": 18, "Global_MSE": 1.6905320882797241}
{"round": 19, "Global_MSE": 1.6636967658996582}
{"round": 20, "Global_MSE": 1.637902021408081}
{"round": 21, "Global_MSE": 1.613107681274414}
{"round": 22, "Global_MSE": 1.5892748832702637}
{"round": 23, "Global_MSE": 1.5663665533065796}
{"round": 24, "Global_MSE": 1.5443463325500488}
{"round": 25, "Global_MSE": 1.5231800079345703}
{"round": 26, "Global_MSE": 1.5028345584869385}
{"round": 27, "Global_MSE": 1.4832781553268433}
{"round": 28, "Global_MSE": 1.4644800424575806}
{"round": 29, "Global_MSE": 1.4464112520217896}
{"round": 30, "Global_MSE": 1.4290426969528198}
