{"round": 1, "distributed_loss": 0.6442876026691595, "centralized_loss": 0.0}
{"round": 2, "distributed_loss": 0.9765984255679308, "centralized_loss": 0.0}
{"round": 3, "distributed_loss": 0.7401232285007381, "centralized_loss": 0.0}
{"round": 4, "distributed_loss": 0.6963389699623513, "centralized_loss": 0.0}
{"round": 5, "distributed_loss": 0.5540212306297179, "centralized_loss": 0.0}
{"round": 6, "distributed_loss": 0.5360349707181038, "centralized_loss": 0.0}
{"round": 7, "distributed_loss": 0.5188610284739127, "centralized_loss": 0.0}
{"round": 8, "distributed_loss": 0.5310338617136904, "centralized_loss": 0.0}
{"round": 9, "distributed_loss": 0.5304052137218216, "centralized_loss": 0.0}
{"round": 10, "distributed_loss": 0.5333617672913757, "centralized_loss": 0.0}
