{"round": 1, "distributed_loss": 0.843905870428315, "centralized_loss": 0.0}
{"round": 2, "distributed_loss": 0.47456672558703294, "centralized_loss": 0.0}
{"round": 3, "distributed_loss": 0.49463620820265275, "centralized_loss": 0.0}
{"round": 4, "distributed_loss": 0.35148585618680894, "centralized_loss": 0.0}
{"round": 5, "distributed_loss": 0.3449983633930897, "centralized_loss": 0.0}
{"round": 6, "distributed_loss": 0.35104719726399725, "centralized_loss": 0.0}
{"round": 7, "distributed_loss": 0.3548296134163969, "centralized_loss": 0.0}
{"round": 8, "distributed_loss": 0.5329268061094902, "centralized_loss": 0.0}
{"round": 9, "distributed_loss": 0.3543066461740736, "centralized_loss": 0.0}
{"round": 10, "distributed_loss": 0.3459365132985717, "centralized_loss": 0.0}
