{"round": 0, "distributed_loss": 0.0, "centralized_loss": 0.0}
{"round": 1, "distributed_loss": 0.4882673793713109, "centralized_loss": 0.0}
{"round": 2, "distributed_loss": 0.3992356813130511, "centralized_loss": 0.0}
{"round": 3, "distributed_loss": 0.38992495982621317, "centralized_loss": 0.0}
{"round": 4, "distributed_loss": 0.38899241684576014, "centralized_loss": 0.0}
{"round": 5, "distributed_loss": 0.3889126791742903, "centralized_loss": 0.0}
{"round": 6, "distributed_loss": 0.38891056297985355, "centralized_loss": 0.0}
{"round": 7, "distributed_loss": 0.3889124596783205, "centralized_loss": 0.0}
{"round": 8, "distributed_loss": 0.38891333576078374, "centralized_loss": 0.0}
{"round": 9, "distributed_loss": 0.3889136511879557, "centralized_loss": 0.0}
{"round": 10, "distributed_loss": 0.38891374614066215, "centralized_loss": 0.0}
