{"round": 0, "distributed_loss": 0.0, "centralized_loss": 0.0}
{"round": 1, "distributed_loss": 1.008586728858344, "centralized_loss": 0.0}
{"round": 2, "distributed_loss": 0.9957973377849266, "centralized_loss": 0.0}
{"round": 3, "distributed_loss": 0.9947665413040667, "centralized_loss": 0.0}
{"round": 4, "distributed_loss": 0.9946561528387706, "centralized_loss": 0.0}
{"round": 5, "distributed_loss": 0.9945480291963189, "centralized_loss": 0.0}
{"round": 6, "distributed_loss": 0.9944162836033033, "centralized_loss": 0.0}
{"round": 7, "distributed_loss": 0.9942890123072015, "centralized_loss": 0.0}
{"round": 8, "distributed_loss": 0.994179242316714, "centralized_loss": 0.0}
{"round": 9, "distributed_loss": 0.9940891789534454, "centralized_loss": 0.0}
{"round": 10, "distributed_loss": 0.9940168799211678, "centralized_loss": 0.0}
{"round": 11, "distributed_loss": 0.9939596831127259, "centralized_loss": 0.0}
{"round": 12, "distributed_loss": 0.9939148635186709, "centralized_loss": 0.0}
{"round": 13, "distributed_loss": 0.9938795116347068, "centralized_loss": 0.0}
{"round": 14, "distributed_loss": 0.9938516213521191, "centralized_loss": 0.0}
{"round": 15, "distributed_loss": 0.9938298575172366, "centralized_loss": 0.0}
{"round": 16, "distributed_loss": 0.9938129705584152, "centralized_loss": 0.0}
{"round": 17, "distributed_loss": 0.9937996919090337, "centralized_loss": 0.0}
{"round": 18, "distributed_loss": 0.9937894805783682, "centralized_loss": 0.0}
{"round": 19, "distributed_loss": 0.9937815383337179, "centralized_loss": 0.0}
{"round": 20, "distributed_loss": 0.9937752061259021, "centralized_loss": 0.0}
{"round": 21, "distributed_loss": 0.993770546735855, "centralized_loss": 0.0}
{"round": 22, "distributed_loss": 0.9937664766965192, "centralized_loss": 0.0}
{"round": 23, "distributed_loss": 0.9937637447904549, "centralized_loss": 0.0}
{"round": 24, "distributed_loss": 0.9937613974437853, "centralized_loss": 0.0}
{"round": 25, "distributed_loss": 0.9937598216200895, "centralized_loss": 0.0}
{"round": 26, "distributed_loss": 0.9937582859666542, "centralized_loss": 0.0}
{"round": 27, "distributed_loss": 0.9937573913069161, "centralized_loss": 0.0}
{"round": 28, "distributed_loss": 0.9937565538936681, "centralized_loss": 0.0}
{"round": 29, "distributed_loss": 0.9937560957690087, "centralized_loss": 0.0}
{"round": 30, "distributed_loss": 0.993755690306349, "centralized_loss": 0.0}
