{"round": 0, "distributed_loss": 0.0, "centralized_loss": 0.0}
{"round": 1, "distributed_loss": 0.5472935034736205, "centralized_loss": 0.0}
{"round": 2, "distributed_loss": 0.5325104819730566, "centralized_loss": 0.0}
{"round": 3, "distributed_loss": 0.5321080487421531, "centralized_loss": 0.0}
{"round": 4, "distributed_loss": 0.5320897352943458, "centralized_loss": 0.0}
{"round": 5, "distributed_loss": 0.5320907105958917, "centralized_loss": 0.0}
{"round": 6, "distributed_loss": 0.5320919003242102, "centralized_loss": 0.0}
{"round": 7, "distributed_loss": 0.5320924650255932, "centralized_loss": 0.0}
{"round": 8, "distributed_loss": 0.5320927011084314, "centralized_loss": 0.0}
{"round": 9, "distributed_loss": 0.5320927759386459, "centralized_loss": 0.0}
{"round": 10, "distributed_loss": 0.5320928143486057, "centralized_loss": 0.0}
{"round": 11, "distributed_loss": 0.5320928105998858, "centralized_loss": 0.0}
{"round": 12, "distributed_loss": 0.5320928105998858, "centralized_loss": 0.0}
{"round": 13, "distributed_loss": 0.5320928105998858, "centralized_loss": 0.0}
{"round": 14, "distributed_loss": 0.5320928105998858, "centralized_loss": 0.0}
{"round": 15, "distributed_loss": 0.5320928105998858, "centralized_loss": 0.0}
{"round": 16, "distributed_loss": 0.5320928105998858, "centralized_loss": 0.0}
{"round": 17, "distributed_loss": 0.5320928105998858, "centralized_loss": 0.0}
{"round": 18, "distributed_loss": 0.5320928105998858, "centralized_loss": 0.0}
{"round": 19, "distributed_loss": 0.5320928105998858, "centralized_loss": 0.0}
{"round": 20, "distributed_loss": 0.5320928105998858, "centralized_loss": 0.0}
{"round": 21, "distributed_loss": 0.5320928105998858, "centralized_loss": 0.0}
{"round": 22, "distributed_loss": 0.5320928105998858, "centralized_loss": 0.0}
{"round": 23, "distributed_loss": 0.5320928105998858, "centralized_loss": 0.0}
{"round": 24, "distributed_loss": 0.5320928105998858, "centralized_loss": 0.0}
{"round": 25, "distributed_loss": 0.5320928105998858, "centralized_loss": 0.0}
{"round": 26, "distributed_loss": 0.5320928105998858, "centralized_loss": 0.0}
{"round": 27, "distributed_loss": 0.5320928105998858, "centralized_loss": 0.0}
{"round": 28, "distributed_loss": 0.5320928105998858, "centralized_loss": 0.0}
{"round": 29, "distributed_loss": 0.5320928105998858, "centralized_loss": 0.0}
{"round": 30, "distributed_loss": 0.5320928105998858, "centralized_loss": 0.0}
{"round": 31, "distributed_loss": 0.5320928105998858, "centralized_loss": 0.0}
{"round": 32, "distributed_loss": 0.5320928105998858, "centralized_loss": 0.0}
{"round": 33, "distributed_loss": 0.5320928105998858, "centralized_loss": 0.0}
{"round": 34, "distributed_loss": 0.5320928105998858, "centralized_loss": 0.0}
{"round": 35, "distributed_loss": 0.5320928105998858, "centralized_loss": 0.0}
{"round": 36, "distributed_loss": 0.5320928105998858, "centralized_loss": 0.0}
{"round": 37, "distributed_loss": 0.5320928105998858, "centralized_loss": 0.0}
{"round": 38, "distributed_loss": 0.5320928105998858, "centralized_loss": 0.0}
{"round": 39, "distributed_loss": 0.5320928105998858, "centralized_loss": 0.0}
{"round": 40, "distributed_loss": 0.5320928105998858, "centralized_loss": 0.0}
{"round": 41, "distributed_loss": 0.5320928105998858, "centralized_loss": 0.0}
{"round": 42, "distributed_loss": 0.5320928105998858, "centralized_loss": 0.0}
{"round": 43, "distributed_loss": 0.5320928105998858, "centralized_loss": 0.0}
{"round": 44, "distributed_loss": 0.5320928105998858, "centralized_loss": 0.0}
{"round": 45, "distributed_loss": 0.5320928105998858, "centralized_loss": 0.0}
{"round": 46, "distributed_loss": 0.5320928105998858, "centralized_loss": 0.0}
{"round": 47, "distributed_loss": 0.5320928105998858, "centralized_loss": 0.0}
{"round": 48, "distributed_loss": 0.5320928105998858, "centralized_loss": 0.0}
{"round": 49, "distributed_loss": 0.5320928105998858, "centralized_loss": 0.0}
{"round": 50, "distributed_loss": 0.5320928105998858, "centralized_loss": 0.0}
{"round": 51, "distributed_loss": 0.5320928105998858, "centralized_loss": 0.0}
{"round": 52, "distributed_loss": 0.5320928105998858, "centralized_loss": 0.0}
{"round": 53, "distributed_loss": 0.5320928105998858, "centralized_loss": 0.0}
{"round": 54, "distributed_loss": 0.5320928105998858, "centralized_loss": 0.0}
{"round": 55, "distributed_loss": 0.5320928105998858, "centralized_loss": 0.0}
{"round": 56, "distributed_loss": 0.5320928105998858, "centralized_loss": 0.0}
{"round": 57, "distributed_loss": 0.5320928105998858, "centralized_loss": 0.0}
{"round": 58, "distributed_loss": 0.5320928105998858, "centralized_loss": 0.0}
{"round": 59, "distributed_loss": 0.5320928105998858, "centralized_loss": 0.0}
{"round": 60, "distributed_loss": 0.5320928105998858, "centralized_loss": 0.0}
{"round": 61, "distributed_loss": 0.5320928105998858, "centralized_loss": 0.0}
{"round": 62, "distributed_loss": 0.5320928105998858, "centralized_loss": 0.0}
{"round": 63, "distributed_loss": 0.5320928105998858, "centralized_loss": 0.0}
{"round": 64, "distributed_loss": 0.5320928105998858, "centralized_loss": 0.0}
{"round": 65, "distributed_loss": 0.5320928105998858, "centralized_loss": 0.0}
{"round": 66, "distributed_loss": 0.5320928105998858, "centralized_loss": 0.0}
{"round": 67, "distributed_loss": 0.5320928105998858, "centralized_loss": 0.0}
{"round": 68, "distributed_loss": 0.5320928105998858, "centralized_loss": 0.0}
{"round": 69, "distributed_loss": 0.5320928105998858, "centralized_loss": 0.0}
{"round": 70, "distributed_loss": 0.5320928105998858, "centralized_loss": 0.0}
{"round": 71, "distributed_loss": 0.5320928105998858, "centralized_loss": 0.0}
{"round": 72, "distributed_loss": 0.5320928105998858, "centralized_loss": 0.0}
{"round": 73, "distributed_loss": 0.5320928105998858, "centralized_loss": 0.0}
{"round": 74, "distributed_loss": 0.5320928105998858, "centralized_loss": 0.0}
{"round": 75, "distributed_loss": 0.5320928105998858, "centralized_loss": 0.0}
{"round": 76, "distributed_loss": 0.5320928105998858, "centralized_loss": 0.0}
{"round": 77, "distributed_loss": 0.5320928105998858, "centralized_loss": 0.0}
{"round": 78, "distributed_loss": 0.5320928105998858, "centralized_loss": 0.0}
{"round": 79, "distributed_loss": 0.5320928105998858, "centralized_loss": 0.0}
{"round": 80, "distributed_loss": 0.5320928105998858, "centralized_loss": 0.0}
{"round": 81, "distributed_loss": 0.5320928105998858, "centralized_loss": 0.0}
{"round": 82, "distributed_loss": 0.5320928105998858, "centralized_loss": 0.0}
{"round": 83, "distributed_loss": 0.5320928105998858, "centralized_loss": 0.0}
{"round": 84, "distributed_loss": 0.5320928105998858, "centralized_loss": 0.0}
{"round": 85, "distributed_loss": 0.5320928105998858, "centralized_loss": 0.0}
{"round": 86, "distributed_loss": 0.5320928105998858, "centralized_loss": 0.0}
{"round": 87, "distributed_loss": 0.5320928105998858, "centralized_loss": 0.0}
{"round": 88, "distributed_loss": 0.5320928105998858, "centralized_loss": 0.0}
{"round": 89, "distributed_loss": 0.5320928105998858, "centralized_loss": 0.0}
{"round": 90, "distributed_loss": 0.5320928105998858, "centralized_loss": 0.0}
{"round": 91, "distributed_loss": 0.5320928105998858, "centralized_loss": 0.0}
{"round": 92, "distributed_loss": 0.5320928105998858, "centralized_loss": 0.0}
{"round": 93, "distributed_loss": 0.5320928105998858, "centralized_loss": 0.0}
{"round": 94, "distributed_loss": 0.5320928105998858, "centralized_loss": 0.0}
{"round": 95, "distributed_loss": 0.5320928105998858, "centralized_loss": 0.0}
{"round": 96, "distributed_loss": 0.5320928105998858, "centralized_loss": 0.0}
{"round": 97, "distributed_loss": 0.5320928105998858, "centralized_loss": 0.0}
{"round": 98, "distributed_loss": 0.5320928105998858, "centralized_loss": 0.0}
{"round": 99, "distributed_loss": 0.5320928105998858, "centralized_loss": 0.0}
{"round": 100, "distributed_loss": 0.5320928105998858, "centralized_loss": 0.0}
