{"round": 0, "distributed_loss": 0.0, "centralized_loss": 0.0}
{"round": 1, "distributed_loss": 0.5725469163321157, "centralized_loss": 0.0}
{"round": 2, "distributed_loss": 0.538920061681717, "centralized_loss": 0.0}
{"round": 3, "distributed_loss": 0.532388642581696, "centralized_loss": 0.0}
{"round": 4, "distributed_loss": 0.5307797533218908, "centralized_loss": 0.0}
{"round": 5, "distributed_loss": 0.5302991808816091, "centralized_loss": 0.0}
{"round": 6, "distributed_loss": 0.5301400619136808, "centralized_loss": 0.0}
{"round": 7, "distributed_loss": 0.5300856887804003, "centralized_loss": 0.0}
{"round": 8, "distributed_loss": 0.5300675086428361, "centralized_loss": 0.0}
{"round": 9, "distributed_loss": 0.5300618914457468, "centralized_loss": 0.0}
{"round": 10, "distributed_loss": 0.5300605462032294, "centralized_loss": 0.0}
{"round": 11, "distributed_loss": 0.5300605416759293, "centralized_loss": 0.0}
{"round": 12, "distributed_loss": 0.5300608451203788, "centralized_loss": 0.0}
{"round": 13, "distributed_loss": 0.530061175959319, "centralized_loss": 0.0}
{"round": 14, "distributed_loss": 0.5300614747034506, "centralized_loss": 0.0}
{"round": 15, "distributed_loss": 0.5300616737893081, "centralized_loss": 0.0}
{"round": 16, "distributed_loss": 0.5300618077627864, "centralized_loss": 0.0}
{"round": 17, "distributed_loss": 0.530061928385055, "centralized_loss": 0.0}
{"round": 18, "distributed_loss": 0.5300619934974342, "centralized_loss": 0.0}
{"round": 19, "distributed_loss": 0.5300619990051687, "centralized_loss": 0.0}
{"round": 20, "distributed_loss": 0.5300620586098135, "centralized_loss": 0.0}
{"round": 21, "distributed_loss": 0.5300620911660031, "centralized_loss": 0.0}
{"round": 22, "distributed_loss": 0.5300621466758924, "centralized_loss": 0.0}
{"round": 23, "distributed_loss": 0.5300621370734024, "centralized_loss": 0.0}
{"round": 24, "distributed_loss": 0.5300621466758924, "centralized_loss": 0.0}
{"round": 25, "distributed_loss": 0.5300621466758924, "centralized_loss": 0.0}
{"round": 26, "distributed_loss": 0.5300621696295921, "centralized_loss": 0.0}
{"round": 27, "distributed_loss": 0.5300621696295921, "centralized_loss": 0.0}
{"round": 28, "distributed_loss": 0.5300621425811369, "centralized_loss": 0.0}
{"round": 29, "distributed_loss": 0.5300621696295921, "centralized_loss": 0.0}
{"round": 30, "distributed_loss": 0.5300621696295921, "centralized_loss": 0.0}
{"round": 31, "distributed_loss": 0.5300621696295921, "centralized_loss": 0.0}
{"round": 32, "distributed_loss": 0.5300621425811369, "centralized_loss": 0.0}
{"round": 33, "distributed_loss": 0.5300621425811369, "centralized_loss": 0.0}
{"round": 34, "distributed_loss": 0.5300621696295921, "centralized_loss": 0.0}
{"round": 35, "distributed_loss": 0.5300621696295921, "centralized_loss": 0.0}
{"round": 36, "distributed_loss": 0.5300621425811369, "centralized_loss": 0.0}
{"round": 37, "distributed_loss": 0.5300621425811369, "centralized_loss": 0.0}
{"round": 38, "distributed_loss": 0.5300621425811369, "centralized_loss": 0.0}
{"round": 39, "distributed_loss": 0.5300621425811369, "centralized_loss": 0.0}
{"round": 40, "distributed_loss": 0.5300621425811369, "centralized_loss": 0.0}
{"round": 41, "distributed_loss": 0.5300621425811369, "centralized_loss": 0.0}
{"round": 42, "distributed_loss": 0.5300621425811369, "centralized_loss": 0.0}
{"round": 43, "distributed_loss": 0.5300621425811369, "centralized_loss": 0.0}
{"round": 44, "distributed_loss": 0.5300621425811369, "centralized_loss": 0.0}
{"round": 45, "distributed_loss": 0.5300621425811369, "centralized_loss": 0.0}
{"round": 46, "distributed_loss": 0.5300621425811369, "centralized_loss": 0.0}
{"round": 47, "distributed_loss": 0.5300621425811369, "centralized_loss": 0.0}
{"round": 48, "distributed_loss": 0.5300621425811369, "centralized_loss": 0.0}
{"round": 49, "distributed_loss": 0.5300621425811369, "centralized_loss": 0.0}
{"round": 50, "distributed_loss": 0.5300621425811369, "centralized_loss": 0.0}
{"round": 51, "distributed_loss": 0.5300621425811369, "centralized_loss": 0.0}
{"round": 52, "distributed_loss": 0.5300621425811369, "centralized_loss": 0.0}
{"round": 53, "distributed_loss": 0.5300621425811369, "centralized_loss": 0.0}
{"round": 54, "distributed_loss": 0.5300621425811369, "centralized_loss": 0.0}
{"round": 55, "distributed_loss": 0.5300621425811369, "centralized_loss": 0.0}
{"round": 56, "distributed_loss": 0.5300621425811369, "centralized_loss": 0.0}
{"round": 57, "distributed_loss": 0.5300621425811369, "centralized_loss": 0.0}
{"round": 58, "distributed_loss": 0.5300621425811369, "centralized_loss": 0.0}
{"round": 59, "distributed_loss": 0.5300621425811369, "centralized_loss": 0.0}
{"round": 60, "distributed_loss": 0.5300621425811369, "centralized_loss": 0.0}
{"round": 61, "distributed_loss": 0.5300621425811369, "centralized_loss": 0.0}
{"round": 62, "distributed_loss": 0.5300621425811369, "centralized_loss": 0.0}
{"round": 63, "distributed_loss": 0.5300621425811369, "centralized_loss": 0.0}
{"round": 64, "distributed_loss": 0.5300621425811369, "centralized_loss": 0.0}
{"round": 65, "distributed_loss": 0.5300621425811369, "centralized_loss": 0.0}
{"round": 66, "distributed_loss": 0.5300621425811369, "centralized_loss": 0.0}
{"round": 67, "distributed_loss": 0.5300621425811369, "centralized_loss": 0.0}
{"round": 68, "distributed_loss": 0.5300621425811369, "centralized_loss": 0.0}
{"round": 69, "distributed_loss": 0.5300621425811369, "centralized_loss": 0.0}
{"round": 70, "distributed_loss": 0.5300621425811369, "centralized_loss": 0.0}
{"round": 71, "distributed_loss": 0.5300621425811369, "centralized_loss": 0.0}
{"round": 72, "distributed_loss": 0.5300621425811369, "centralized_loss": 0.0}
{"round": 73, "distributed_loss": 0.5300621425811369, "centralized_loss": 0.0}
{"round": 74, "distributed_loss": 0.5300621425811369, "centralized_loss": 0.0}
{"round": 75, "distributed_loss": 0.5300621425811369, "centralized_loss": 0.0}
{"round": 76, "distributed_loss": 0.5300621425811369, "centralized_loss": 0.0}
{"round": 77, "distributed_loss": 0.5300621425811369, "centralized_loss": 0.0}
{"round": 78, "distributed_loss": 0.5300621425811369, "centralized_loss": 0.0}
{"round": 79, "distributed_loss": 0.5300621425811369, "centralized_loss": 0.0}
{"round": 80, "distributed_loss": 0.5300621425811369, "centralized_loss": 0.0}
{"round": 81, "distributed_loss": 0.5300621425811369, "centralized_loss": 0.0}
{"round": 82, "distributed_loss": 0.5300621425811369, "centralized_loss": 0.0}
{"round": 83, "distributed_loss": 0.5300621425811369, "centralized_loss": 0.0}
{"round": 84, "distributed_loss": 0.5300621425811369, "centralized_loss": 0.0}
{"round": 85, "distributed_loss": 0.5300621425811369, "centralized_loss": 0.0}
{"round": 86, "distributed_loss": 0.5300621425811369, "centralized_loss": 0.0}
{"round": 87, "distributed_loss": 0.5300621425811369, "centralized_loss": 0.0}
{"round": 88, "distributed_loss": 0.5300621425811369, "centralized_loss": 0.0}
{"round": 89, "distributed_loss": 0.5300621425811369, "centralized_loss": 0.0}
{"round": 90, "distributed_loss": 0.5300621425811369, "centralized_loss": 0.0}
{"round": 91, "distributed_loss": 0.5300621425811369, "centralized_loss": 0.0}
{"round": 92, "distributed_loss": 0.5300621425811369, "centralized_loss": 0.0}
{"round": 93, "distributed_loss": 0.5300621425811369, "centralized_loss": 0.0}
{"round": 94, "distributed_loss": 0.5300621425811369, "centralized_loss": 0.0}
{"round": 95, "distributed_loss": 0.5300621425811369, "centralized_loss": 0.0}
{"round": 96, "distributed_loss": 0.5300621425811369, "centralized_loss": 0.0}
{"round": 97, "distributed_loss": 0.5300621425811369, "centralized_loss": 0.0}
{"round": 98, "distributed_loss": 0.5300621425811369, "centralized_loss": 0.0}
{"round": 99, "distributed_loss": 0.5300621425811369, "centralized_loss": 0.0}
{"round": 100, "distributed_loss": 0.5300621425811369, "centralized_loss": 0.0}
