{
  "metrics": {
    "Approach": {
      "1": "dl",
      "0": "ml"
    },
    "RMSE": {
      "1": 6.108857683591095,
      "0": 7.273081513801811
    },
    "MAE": {
      "1": 4.788523356866893,
      "0": 5.355461711013639
    },
    "MAPE (%)": {
      "1": "28.64",
      "0": "27.09"
    },
    "R\u00b2": {
      "1": -0.02952474791239501,
      "0": -0.4593305880224883
    },
    "Explained Variance": {
      "1": -0.000532571149603811,
      "0": -0.23927432077429445
    },
    "Mean Error": {
      "1": -1.0251372726207335,
      "0": 2.824284764035188
    },
    "Error Std": {
      "1": 6.02222847214,
      "0": 6.702322752452641
    },
    "Correlation": {
      "1": -0.023358406322266746,
      "0": -0.045143501132964274
    }
  },
  "detailed_metrics": {
    "ml": {
      "rmse": 7.273081513801811,
      "mae": 5.355461711013639,
      "mape": 27.086466291398846,
      "r2": -0.4593305880224883,
      "exp_var": -0.23927432077429445,
      "mean_error": 2.824284764035188,
      "std_error": 6.702322752452641,
      "correlation": -0.045143501132964274
    },
    "dl": {
      "rmse": 6.108857683591095,
      "mae": 4.788523356866893,
      "mape": 28.638017248349072,
      "r2": -0.02952474791239501,
      "exp_var": -0.000532571149603811,
      "mean_error": -1.0251372726207335,
      "std_error": 6.02222847214,
      "correlation": -0.023358406322266746
    }
  },
  "error_analysis": {
    "< 5%": {
      "ml": 11.515863689776733,
      "dl": 11.28084606345476
    },
    "5-10%": {
      "ml": 11.927144535840188,
      "dl": 11.868390129259694
    },
    "10-20%": {
      "ml": 21.09283196239718,
      "dl": 24.383078730904817
    },
    "> 20%": {
      "ml": 55.4641598119859,
      "dl": 52.46768507638073
    }
  },
  "best_approach": "dl",
  "task_type": "regression"
}